Server,db_nm,schema_nm,table_nm,column_nm,data_type,nullable,column_ordr,Type
localhost,Insurance,dbo,dimCalendar,date_key,date,N,1,Table
localhost,Insurance,dbo,dimCalendar,DateNum,int,Y,2,Table
localhost,Insurance,dbo,dimCalendar,MonthYearName,varchar(8),Y,3,Table
localhost,Insurance,dbo,dimCalendar,MonthAbbr,varchar(3),Y,4,Table
localhost,Insurance,dbo,dimCalendar,MonthStartDate,date,Y,5,Table
localhost,Insurance,dbo,dimCalendar,MonthEndDate,date,Y,6,Table
localhost,Insurance,dbo,dimCalendar,DayDate,varchar(14),Y,7,Table
localhost,Insurance,dbo,dimCalendar,DayDateShort,varchar(10),Y,8,Table
localhost,Insurance,dbo,dimCalendar,YearWeek,varchar(7),Y,9,Table
localhost,Insurance,dbo,dimCalendar,DayNumYear,int,Y,10,Table
localhost,Insurance,dbo,dimCalendar,US_CalendarDate,varchar(10),Y,11,Table
localhost,Insurance,dbo,dimCalendar,WeekNumYear,int,Y,12,Table
localhost,Insurance,dbo,dimCalendar,DayAbbr,char(3),Y,13,Table
localhost,Insurance,dbo,dimCalendar,DayAbbrShort,char(2),Y,14,Table
localhost,Insurance,dbo,dimCalendar,MonthDayNum,int,Y,15,Table
localhost,Insurance,dbo,dimCalendar,YearMonth,char(8),Y,16,Table
localhost,Insurance,dbo,dimCalendar,WhatIfMonth,char(8),Y,17,Table
localhost,Insurance,dbo,dimCalendar,MonthNum,int,Y,18,Table
localhost,Insurance,dbo,dimCalendar,YearNum,int,Y,19,Table
localhost,Insurance,dbo,dimCalendar,CalQrtrNum,int,Y,20,Table
localhost,Insurance,dbo,dimCalendar,CalQrtrName,char(7),Y,21,Table
localhost,Insurance,dbo,dimCalendar,FinQtrNum,int,Y,22,Table
localhost,Insurance,dbo,dimCalendar,FinQtrStartDate,date,Y,23,Table
localhost,Insurance,dbo,dimCalendar,FinQtrEndDate,date,Y,24,Table
localhost,Insurance,dbo,dimCalendar,FinYearQtrName,char(8),Y,25,Table
localhost,Insurance,dbo,dimCalendar,FinYearQtrNum,int,Y,26,Table
localhost,Insurance,dbo,dimCalendar,FinYearNum,int,Y,27,Table
localhost,Insurance,dbo,dimCalendar,FinPrevQtrStartDate,date,Y,28,Table
localhost,Insurance,dbo,dimCalendar,FinPrevQtrEndDate,date,Y,29,Table
localhost,Insurance,dbo,dimCalendar,prevFinYearQtrNum,char(7),Y,30,Table
localhost,Insurance,dbo,dimClaimCause,sid_ClaimCause,int,N,1,Table
localhost,Insurance,dbo,dimClaimCause,sid_CauseCategory,int,Y,2,Table
localhost,Insurance,dbo,dimClaimCause,CauseName,varchar(256),Y,3,Table
localhost,Insurance,dbo,dimClaimClauseCategory,sid_CauseCategory,int,N,1,Table
localhost,Insurance,dbo,dimClaimClauseCategory,CategoryName,varchar(256),Y,2,Table
localhost,Insurance,dbo,dimClaimType,sid_ClaimType,int,N,1,Table
localhost,Insurance,dbo,dimClaimType,ClaimTypeCode,varchar(3),Y,2,Table
localhost,Insurance,dbo,dimClaimType,ClaimTypeDescription,varchar(80),Y,3,Table
localhost,Insurance,dbo,dimCoverType,sid_CoverType,int,N,1,Table
localhost,Insurance,dbo,dimCoverType,CoverTypeCode,varchar(3),Y,2,Table
localhost,Insurance,dbo,dimCoverType,CoverTypeDescription,varchar(80),Y,3,Table
localhost,Insurance,dbo,dimEnterprise,EnterpriseKey,int,N,1,Table
localhost,Insurance,dbo,dimEnterprise,EnterpriseName,varchar(50),Y,2,Table
localhost,Insurance,dbo,dimMember,MemberKey,int,N,1,Table
localhost,Insurance,dbo,dimMember,member_biz_key,int,N,2,Table
localhost,Insurance,dbo,dimMember,age,int,Y,3,Table
localhost,Insurance,dbo,dimMember,gender,varchar(6),Y,4,Table
localhost,Insurance,dbo,dimMember,sid_PostalCode,int,Y,6,Table
localhost,Insurance,dbo,dimMember,country,varchar(100),Y,7,Table
localhost,Insurance,dbo,dimMember,nationality,varchar(50),Y,8,Table
localhost,Insurance,dbo,dimMember,email_address,varchar(50),Y,9,Table
localhost,Insurance,dbo,dimMember,member_type,varchar(12),Y,10,Table
localhost,Insurance,dbo,dimMember,marital_status,varchar(50),Y,11,Table
localhost,Insurance,dbo,dimMember,no_of_dependents,int,Y,12,Table
localhost,Insurance,dbo,dimMember,mortgage,varchar(50),Y,13,Table
localhost,Insurance,dbo,dimMember,date_joined_co,date,Y,14,Table
localhost,Insurance,dbo,dimMember,self_employed_flag,int,Y,15,Table
localhost,Insurance,dbo,dimMember,age_band,varchar(50),Y,16,Table
localhost,Insurance,dbo,dimMember,occupation,varchar(50),Y,18,Table
localhost,Insurance,dbo,dimMember,annual_salary,money,Y,19,Table
localhost,Insurance,dbo,dimMember,employee_status,varchar(50),Y,20,Table
localhost,Insurance,dbo,dimMember,date_joined_fund,date,Y,21,Table
localhost,Insurance,dbo,dimMember_aSynthKey,MemberKey,int,N,1,Table
localhost,Insurance,dbo,dimMember_aSynthKey,member_biz_key,int,N,2,Table
localhost,Insurance,dbo,dimMember_aSynthKey,age,int,Y,3,Table
localhost,Insurance,dbo,dimMember_aSynthKey,gender,varchar(6),Y,4,Table
localhost,Insurance,dbo,dimMember_aSynthKey,sid_PostalCode,int,Y,5,Table
localhost,Insurance,dbo,dimMember_aSynthKey,country,varchar(100),Y,6,Table
localhost,Insurance,dbo,dimMember_aSynthKey,nationality,varchar(50),Y,7,Table
localhost,Insurance,dbo,dimMember_aSynthKey,email_address,varchar(50),Y,8,Table
localhost,Insurance,dbo,dimMember_aSynthKey,member_type,varchar(12),Y,9,Table
localhost,Insurance,dbo,dimMember_aSynthKey,marital_status,varchar(50),Y,10,Table
localhost,Insurance,dbo,dimMember_aSynthKey,no_of_dependents,int,Y,11,Table
localhost,Insurance,dbo,dimMember_aSynthKey,mortgage,varchar(50),Y,12,Table
localhost,Insurance,dbo,dimMember_aSynthKey,date_joined_co,date,Y,13,Table
localhost,Insurance,dbo,dimMember_aSynthKey,self_employed_flag,int,Y,14,Table
localhost,Insurance,dbo,dimMember_aSynthKey,age_band,varchar(50),Y,15,Table
localhost,Insurance,dbo,dimMember_aSynthKey,EnterpriseKey,int,Y,16,Table
localhost,Insurance,dbo,dimMember_aSynthKey,occupation,varchar(50),Y,17,Table
localhost,Insurance,dbo,dimMember_aSynthKey,annual_salary,money,Y,18,Table
localhost,Insurance,dbo,dimMember_aSynthKey,employee_status,varchar(50),Y,19,Table
localhost,Insurance,dbo,dimMember_aSynthKey,date_joined_fund,date,Y,20,Table
localhost,Insurance,dbo,dimMemberCover,MemberKey,int,N,1,Table
localhost,Insurance,dbo,dimMemberCover,underwriting_year,int,N,2,Table
localhost,Insurance,dbo,dimMemberCover,total_death_cover,money,Y,3,Table
localhost,Insurance,dbo,dimMemberCover,total_death_cover_premium,money,Y,4,Table
localhost,Insurance,dbo,dimMemberCover,total_ip_cover,money,Y,5,Table
localhost,Insurance,dbo,dimMemberCover,total_ip_cover_premium,money,Y,6,Table
localhost,Insurance,dbo,dimMemberCover,total_tpd_cover,money,Y,7,Table
localhost,Insurance,dbo,dimMemberCover,total_tpd_cover_premium,money,Y,8,Table
localhost,Insurance,dbo,dimMemberCover,total_tib_cover,money,Y,9,Table
localhost,Insurance,dbo,dimMemberCover,total_tib_premium,money,Y,10,Table
localhost,Insurance,dbo,dimPostalCode,sid_PostalCode,int,N,1,Table
localhost,Insurance,dbo,dimPostalCode,postal_code,varchar(7),N,2,Table
localhost,Insurance,dbo,dimPostalCode,Suburb,varchar(50),N,3,Table
localhost,Insurance,dbo,dimPostalCode,State,varchar(3),Y,4,Table
localhost,Insurance,dbo,factEmployerContributions,EnterpriseKey,int,Y,1,Table
localhost,Insurance,dbo,factEmployerContributions,MemberKey,int,Y,2,Table
localhost,Insurance,dbo,factEmployerContributions,AnnualSalary,money,Y,3,Table
localhost,Insurance,dbo,factEmployerContributions,EmployerContribDate,date,Y,4,Table
localhost,Insurance,dbo,factEmployerContributions,date_key,int,Y,5,Table
localhost,Insurance,dbo,factEmployerContributions,EmployerContribAmount,money,Y,6,Table
localhost,Insurance,dbo,factMemberClaims,MemberKey,int,N,1,Table
localhost,Insurance,dbo,factMemberClaims,sid_ClaimType,int,Y,3,Table
localhost,Insurance,dbo,factMemberClaims,sid_ClaimCause,int,Y,4,Table
localhost,Insurance,dbo,factMemberClaims,claimnotificationdate,date,Y,5,Table
localhost,Insurance,dbo,factMemberClaims,claimeventdate,date,Y,6,Table
localhost,Insurance,dbo,factMemberClaims,claimstatus,varchar(50),Y,7,Table
localhost,Insurance,dbo,factMemberClaims,claimpaidamount,money,Y,8,Table
localhost,Insurance,dbo,factMemberClaims,claimpaiddate,date,Y,9,Table
localhost,Insurance,dbo,factMemberClaims,claiminsurer,varchar(50),Y,10,Table
localhost,Insurance,dbo,factMemberClaims,claimcreateddate,date,Y,11,Table
localhost,Insurance,dbo,factMemberClaims_CircRef,MemberKey,int,N,1,Table
localhost,Insurance,dbo,factMemberClaims_CircRef,postal_code,varchar(7),Y,2,Table
localhost,Insurance,dbo,factMemberClaims_CircRef,sid_ClaimType,int,Y,3,Table
localhost,Insurance,dbo,factMemberClaims_CircRef,sid_ClaimCause,int,Y,4,Table
localhost,Insurance,dbo,factMemberClaims_CircRef,claimnotificationdate,date,Y,5,Table
localhost,Insurance,dbo,factMemberClaims_CircRef,claimeventdate,date,Y,6,Table
localhost,Insurance,dbo,factMemberClaims_CircRef,claimstatus,varchar(50),Y,7,Table
localhost,Insurance,dbo,factMemberClaims_CircRef,claimpaidamount,money,Y,8,Table
localhost,Insurance,dbo,factMemberClaims_CircRef,claimpaiddate,date,Y,9,Table
localhost,Insurance,dbo,factMemberClaims_CircRef,claiminsurer,varchar(50),Y,10,Table
localhost,Insurance,dbo,factMemberClaims_CircRef,claimcreateddate,date,Y,11,Table
localhost,Insurance,dbo,sysdiagrams,name,nvarchar(128),N,1,Table
localhost,Insurance,dbo,sysdiagrams,principal_id,int,N,2,Table
localhost,Insurance,dbo,sysdiagrams,diagram_id,int,N,3,Table
localhost,Insurance,dbo,sysdiagrams,version,int,Y,4,Table
localhost,Insurance,dbo,sysdiagrams,definition,varbinary,Y,5,Table
localhost,eCommerce,dbo,Calendar,DateKey,int,N,1,Table
localhost,eCommerce,dbo,Calendar,DisplayDate,date,Y,2,Table
localhost,eCommerce,dbo,Calendar,DayAbbr,char(3),Y,3,Table
localhost,eCommerce,dbo,Calendar,DayAbbrShort,char(2),Y,4,Table
localhost,eCommerce,dbo,Calendar,DayDate,varchar(13),Y,5,Table
localhost,eCommerce,dbo,Calendar,DayDateShort,varchar(10),Y,6,Table
localhost,eCommerce,dbo,Calendar,DayNumYear,int,Y,7,Table
localhost,eCommerce,dbo,Calendar,YearWeek,varchar(7),Y,8,Table
localhost,eCommerce,dbo,Calendar,YearNum,int,Y,9,Table
localhost,eCommerce,dbo,Calendar,YearMonth,varchar(8),Y,10,Table
localhost,eCommerce,dbo,Calendar,WeekNumYear,int,Y,11,Table
localhost,eCommerce,dbo,Calendar,CalQrtrName,varchar(7),Y,12,Table
localhost,eCommerce,dbo,Calendar,CalQrtrNum,int,Y,13,Table
localhost,eCommerce,dbo,Calendar,MonthAbbr,varchar(12),Y,14,Table
localhost,eCommerce,dbo,Calendar,MonthDayNum,int,Y,15,Table
localhost,eCommerce,dbo,Calendar,MonthEndDate,date,Y,16,Table
localhost,eCommerce,dbo,Calendar,MonthNum,int,Y,17,Table
localhost,eCommerce,dbo,Calendar,MonthStartDate,date,Y,18,Table
localhost,eCommerce,dbo,Calendar,MonthYearName,nvarchar(255),Y,19,Table
localhost,eCommerce,dbo,Calendar,FinPrevQtrEndDate,date,Y,20,Table
localhost,eCommerce,dbo,Calendar,FinPrevQtrStartDate,date,Y,21,Table
localhost,eCommerce,dbo,Calendar,FinQtrEndDate,date,Y,22,Table
localhost,eCommerce,dbo,Calendar,FinQtrNum,int,Y,23,Table
localhost,eCommerce,dbo,Calendar,FinQtrStartDate,date,Y,24,Table
localhost,eCommerce,dbo,Calendar,FinYearNum,int,Y,25,Table
localhost,eCommerce,dbo,Calendar,FinYearQtrName,varchar(7),Y,26,Table
localhost,eCommerce,dbo,Calendar,FinYearQtrNum,int,Y,27,Table
localhost,eCommerce,dbo,Currency,CurrencyKey,int,N,1,Table
localhost,eCommerce,dbo,Currency,CurrencyAlternateKey,char(10),N,2,Table
localhost,eCommerce,dbo,Currency,CurrencyName,varchar(50),N,3,Table
localhost,eCommerce,dbo,CurrencyHistory,CurrencyKey,int,N,1,Table
localhost,eCommerce,dbo,CurrencyHistory,IntraDayAverageRate,float,N,2,Table
localhost,eCommerce,dbo,CurrencyHistory,EndOfDayRate,float,N,3,Table
localhost,eCommerce,dbo,CurrencyHistory,OpenDate,date,Y,4,Table
localhost,eCommerce,dbo,CurrencyHistory,CloseDate,date,Y,5,Table
localhost,eCommerce,dbo,Customer,CustomerKey,int,N,1,Table
localhost,eCommerce,dbo,Customer,GeographyKey,int,Y,2,Table
localhost,eCommerce,dbo,Customer,CustomerAlternateKey,varchar(50),N,3,Table
localhost,eCommerce,dbo,Customer,Title,varchar(50),Y,4,Table
localhost,eCommerce,dbo,Customer,FirstName,varchar(50),Y,5,Table
localhost,eCommerce,dbo,Customer,MiddleName,varchar(50),Y,6,Table
localhost,eCommerce,dbo,Customer,LastName,varchar(50),Y,7,Table
localhost,eCommerce,dbo,Customer,NameStyle,bit,Y,8,Table
localhost,eCommerce,dbo,Customer,BirthDate,date,Y,9,Table
localhost,eCommerce,dbo,Customer,MaritalStatus,char(10),Y,10,Table
localhost,eCommerce,dbo,Customer,Suffix,varchar(50),Y,11,Table
localhost,eCommerce,dbo,Customer,Gender,varchar(50),Y,12,Table
localhost,eCommerce,dbo,Customer,EmailAddress,varchar(50),Y,13,Table
localhost,eCommerce,dbo,Customer,YearlyIncome,money,Y,14,Table
localhost,eCommerce,dbo,Customer,TotalChildren,tinyint,Y,15,Table
localhost,eCommerce,dbo,Customer,NumberChildrenAtHome,tinyint,Y,16,Table
localhost,eCommerce,dbo,Customer,EducationLevel,varchar(50),Y,17,Table
localhost,eCommerce,dbo,Customer,Occupation,varchar(100),Y,18,Table
localhost,eCommerce,dbo,Customer,HouseOwnerFlag,char(10),Y,19,Table
localhost,eCommerce,dbo,Customer,NumberCarsOwned,tinyint,Y,20,Table
localhost,eCommerce,dbo,Customer,AddressLine1,varchar(120),Y,21,Table
localhost,eCommerce,dbo,Customer,AddressLine2,varchar(120),Y,22,Table
localhost,eCommerce,dbo,Customer,Phone,varchar(50),Y,23,Table
localhost,eCommerce,dbo,Customer,DateFirstPurchase,date,Y,24,Table
localhost,eCommerce,dbo,Customer,CommuteDistance,varchar(50),Y,25,Table
localhost,eCommerce,dbo,GeoLocation,GeographyKey,int,N,1,Table
localhost,eCommerce,dbo,GeoLocation,City,varchar(50),Y,2,Table
localhost,eCommerce,dbo,GeoLocation,StateProvinceName,varchar(50),Y,4,Table
localhost,eCommerce,dbo,GeoLocation,CountryRegionName,varchar(50),Y,6,Table
localhost,eCommerce,dbo,GeoLocation,SalesTerritoryKey,int,Y,8,Table
localhost,eCommerce,dbo,GeoLocation,Latitude,float,Y,10,Table
localhost,eCommerce,dbo,GeoLocation,Longitude,float,Y,11,Table
localhost,eCommerce,dbo,OnlineSales,DateKey,int,Y,1,Table
localhost,eCommerce,dbo,OnlineSales,ProductKey,int,N,2,Table
localhost,eCommerce,dbo,OnlineSales,CustomerKey,int,N,3,Table
localhost,eCommerce,dbo,OnlineSales,PromotionKey,int,N,4,Table
localhost,eCommerce,dbo,OnlineSales,CurrencyKey,int,N,5,Table
localhost,eCommerce,dbo,OnlineSales,OrderDate,date,Y,6,Table
localhost,eCommerce,dbo,OnlineSales,DueDate,date,Y,7,Table
localhost,eCommerce,dbo,OnlineSales,ShipDate,date,Y,8,Table
localhost,eCommerce,dbo,OnlineSales,SaleTypeKey,int,Y,9,Table
localhost,eCommerce,dbo,OnlineSales,SalesOrderNumber,varchar(50),N,10,Table
localhost,eCommerce,dbo,OnlineSales,SalesOrderLineNumber,tinyint,N,11,Table
localhost,eCommerce,dbo,OnlineSales,RevisionNumber,tinyint,N,12,Table
localhost,eCommerce,dbo,OnlineSales,OrderQuantity,smallint,N,13,Table
localhost,eCommerce,dbo,OnlineSales,UnitPrice,money,N,14,Table
localhost,eCommerce,dbo,OnlineSales,UnitPriceDiscountPct,float,N,15,Table
localhost,eCommerce,dbo,OnlineSales,ProductStandardCost,money,N,16,Table
localhost,eCommerce,dbo,OnlineSales,TotalProductCost,money,N,17,Table
localhost,eCommerce,dbo,OnlineSales,SalesAmount,money,N,18,Table
localhost,eCommerce,dbo,OnlineSales,TaxAmt,money,N,19,Table
localhost,eCommerce,dbo,OnlineSales,Freight,money,N,20,Table
localhost,eCommerce,dbo,OnlineSales,ExtendedAmount,money,N,21,Table
localhost,eCommerce,dbo,OnlineSalesType,SaleTypeKey,int,N,1,Table
localhost,eCommerce,dbo,OnlineSalesType,SalesOrderLineNumber,tinyint,N,2,Table
localhost,eCommerce,dbo,OnlineSalesType,SalesOrderNumber,varchar(50),N,3,Table
localhost,eCommerce,dbo,Product,ProductKey,int,N,1,Table
localhost,eCommerce,dbo,Product,ProductSubcategoryKey,int,Y,2,Table
localhost,eCommerce,dbo,Product,ProductName,varchar(80),N,4,Table
localhost,eCommerce,dbo,Product,StandardCost,money,Y,5,Table
localhost,eCommerce,dbo,Product,FinishedGoodsFlag,bit,N,6,Table
localhost,eCommerce,dbo,Product,Color,varchar(50),N,7,Table
localhost,eCommerce,dbo,Product,SafetyStockLevel,smallint,Y,8,Table
localhost,eCommerce,dbo,Product,ReorderPoint,smallint,Y,9,Table
localhost,eCommerce,dbo,Product,ListPrice,money,Y,10,Table
localhost,eCommerce,dbo,Product,DaysToManufacture,int,Y,14,Table
localhost,eCommerce,dbo,Product,ProductLine,char(10),Y,15,Table
localhost,eCommerce,dbo,Product,DealerPrice,money,Y,16,Table
localhost,eCommerce,dbo,Product,Manufacturer,varchar(50),Y,19,Table
localhost,eCommerce,dbo,Product,Description,varchar(400),Y,20,Table
localhost,eCommerce,dbo,Product,Status,varchar(50),Y,21,Table
localhost,eCommerce,dbo,Product,SupplierId,int,Y,22,Table
localhost,eCommerce,dbo,ProductCategory,ProductCategoryKey,int,N,1,Table
localhost,eCommerce,dbo,ProductCategory,ProductCategoryName,varchar(50),N,3,Table
localhost,eCommerce,dbo,ProductInventory,ProductKey,int,N,1,Table
localhost,eCommerce,dbo,ProductInventory,CalendarKey,int,Y,2,Table
localhost,eCommerce,dbo,ProductInventory,MovementDate,date,N,3,Table
localhost,eCommerce,dbo,ProductInventory,UnitCost,money,N,4,Table
localhost,eCommerce,dbo,ProductInventory,UnitsIn,int,N,5,Table
localhost,eCommerce,dbo,ProductInventory,UnitsOut,int,N,6,Table
localhost,eCommerce,dbo,ProductInventory,UnitsBalance,int,N,7,Table
localhost,eCommerce,dbo,ProductSubcategory,ProductSubcategoryKey,int,N,1,Table
localhost,eCommerce,dbo,ProductSubcategory,ProductSubcategoryName,varchar(50),N,3,Table
localhost,eCommerce,dbo,ProductSubcategory,ProductCategoryKey,int,Y,4,Table
localhost,eCommerce,dbo,ProductSupplier,ProductKey,int,N,1,Table
localhost,eCommerce,dbo,ProductSupplier,SupplierKey,int,N,2,Table
localhost,eCommerce,dbo,ProductSupplier,AverageLeadTime,int,N,3,Table
localhost,eCommerce,dbo,ProductSupplier,StandardPrice,money,N,4,Table
localhost,eCommerce,dbo,ProductSupplier,LastReceiptCost,money,Y,5,Table
localhost,eCommerce,dbo,ProductSupplier,LastReceiptDate,datetime,Y,6,Table
localhost,eCommerce,dbo,ProductSupplier,MinOrderQty,int,N,7,Table
localhost,eCommerce,dbo,ProductSupplier,MaxOrderQty,int,N,8,Table
localhost,eCommerce,dbo,ProductSupplier,OnOrderQty,int,Y,9,Table
localhost,eCommerce,dbo,ProductSupplier,UnitMeasureCode,nchar(3),N,10,Table
localhost,eCommerce,dbo,SalesBudgets,DateKey,int,Y,2,Table
localhost,eCommerce,dbo,SalesBudgets,Year,int,Y,3,Table
localhost,eCommerce,dbo,SalesBudgets,Month,int,Y,4,Table
localhost,eCommerce,dbo,SalesBudgets,Targets,money,Y,5,Table
localhost,eCommerce,dbo,SaleType,SaleTypeKey,int,N,1,Table
localhost,eCommerce,dbo,SaleType,SaleTypeName,varchar(50),N,3,Table
localhost,eCommerce,dbo,SaleType,SaleTypeCategory,varchar(50),N,4,Table
localhost,eCommerce,dbo,Supplier,SupplierKey,int,N,1,Table
localhost,eCommerce,dbo,Supplier,AccountNumber,nvarchar(15),N,2,Table
localhost,eCommerce,dbo,Supplier,Name,nvarchar(50),N,3,Table
localhost,eCommerce,dbo,Supplier,CreditRating,tinyint,N,4,Table
localhost,eCommerce,dbo,Supplier,PreferredVendorStatus,bit,N,5,Table
localhost,eCommerce,dbo,Supplier,ActiveFlag,bit,N,6,Table
localhost,eCommerce,dbo,Supplier,PurchasingWebServiceURL,nvarchar(1024),Y,7,Table
localhost,eCommerce,dbo,sysdiagrams,name,nvarchar(128),N,1,Table
localhost,eCommerce,dbo,sysdiagrams,principal_id,int,N,2,Table
localhost,eCommerce,dbo,sysdiagrams,diagram_id,int,N,3,Table
localhost,eCommerce,dbo,sysdiagrams,version,int,Y,4,Table
localhost,eCommerce,dbo,sysdiagrams,definition,varbinary,Y,5,Table
localhost,GoogleAnalytics,dbo,SiteVisitsLog,sid_TxnId,int,N,1,Table
localhost,GoogleAnalytics,dbo,SiteVisitsLog,VisitDate,date,Y,2,Table
localhost,GoogleAnalytics,dbo,SiteVisitsLog,LandingPage,varchar(max),Y,3,Table
localhost,GoogleAnalytics,dbo,SiteVisitsLog,Country,varchar(80),Y,4,Table
localhost,GoogleAnalytics,dbo,SiteVisitsLog,City,varchar(80),Y,5,Table
localhost,GoogleAnalytics,dbo,SiteVisitsLog,Sessions,int,Y,6,Table
localhost,GoogleAnalytics,dbo,SiteVisitsLog,%NewSessions,float,Y,7,Table
localhost,GoogleAnalytics,dbo,SiteVisitsLog,NewUsers,int,Y,8,Table
localhost,GoogleAnalytics,dbo,SiteVisitsLog,Users,int,Y,9,Table
localhost,GoogleAnalytics,dbo,SiteVisitsLog,BounceRate,float,Y,10,Table
localhost,GoogleAnalytics,dbo,SiteVisitsLog,PagesSession,float,Y,11,Table
localhost,GoogleAnalytics,dbo,SiteVisitsLog,AvgSessionDuration,int,Y,12,Table
localhost,Northwind,dbo,Categories,CategoryID,int,N,1,Table
localhost,Northwind,dbo,Categories,CategoryName,nvarchar(15),N,2,Table
localhost,Northwind,dbo,Categories,Description,ntext,Y,3,Table
localhost,Northwind,dbo,Categories,Picture,image,Y,4,Table
localhost,Northwind,dbo,CustomerCustomerDemo,CustomerID,nchar(5),N,1,Table
localhost,Northwind,dbo,CustomerCustomerDemo,CustomerTypeID,nchar(10),N,2,Table
localhost,Northwind,dbo,CustomerDemographics,CustomerTypeID,nchar(10),N,1,Table
localhost,Northwind,dbo,CustomerDemographics,CustomerDesc,ntext,Y,2,Table
localhost,Northwind,dbo,Customers,CustomerID,nchar(5),N,1,Table
localhost,Northwind,dbo,Customers,CompanyName,nvarchar(40),N,2,Table
localhost,Northwind,dbo,Customers,ContactName,nvarchar(30),Y,3,Table
localhost,Northwind,dbo,Customers,ContactTitle,nvarchar(30),Y,4,Table
localhost,Northwind,dbo,Customers,Address,nvarchar(60),Y,5,Table
localhost,Northwind,dbo,Customers,City,nvarchar(15),Y,6,Table
localhost,Northwind,dbo,Customers,Region,nvarchar(15),Y,7,Table
localhost,Northwind,dbo,Customers,PostalCode,nvarchar(10),Y,8,Table
localhost,Northwind,dbo,Customers,Country,nvarchar(15),Y,9,Table
localhost,Northwind,dbo,Customers,Phone,nvarchar(24),Y,10,Table
localhost,Northwind,dbo,Customers,Fax,nvarchar(24),Y,11,Table
localhost,Northwind,dbo,Employees,EmployeeID,int,N,1,Table
localhost,Northwind,dbo,Employees,LastName,nvarchar(20),N,2,Table
localhost,Northwind,dbo,Employees,FirstName,nvarchar(10),N,3,Table
localhost,Northwind,dbo,Employees,Title,nvarchar(30),Y,4,Table
localhost,Northwind,dbo,Employees,TitleOfCourtesy,nvarchar(25),Y,5,Table
localhost,Northwind,dbo,Employees,BirthDate,datetime,Y,6,Table
localhost,Northwind,dbo,Employees,HireDate,datetime,Y,7,Table
localhost,Northwind,dbo,Employees,Address,nvarchar(60),Y,8,Table
localhost,Northwind,dbo,Employees,City,nvarchar(15),Y,9,Table
localhost,Northwind,dbo,Employees,Region,nvarchar(15),Y,10,Table
localhost,Northwind,dbo,Employees,PostalCode,nvarchar(10),Y,11,Table
localhost,Northwind,dbo,Employees,Country,nvarchar(15),Y,12,Table
localhost,Northwind,dbo,Employees,HomePhone,nvarchar(24),Y,13,Table
localhost,Northwind,dbo,Employees,Extension,nvarchar(4),Y,14,Table
localhost,Northwind,dbo,Employees,Photo,image,Y,15,Table
localhost,Northwind,dbo,Employees,Notes,ntext,Y,16,Table
localhost,Northwind,dbo,Employees,ReportsTo,int,Y,17,Table
localhost,Northwind,dbo,Employees,PhotoPath,nvarchar(255),Y,18,Table
localhost,Northwind,dbo,EmployeeTerritories,EmployeeID,int,N,1,Table
localhost,Northwind,dbo,EmployeeTerritories,TerritoryID,nvarchar(20),N,2,Table
localhost,Northwind,dbo,Order Details,OrderID,int,N,1,Table
localhost,Northwind,dbo,Order Details,ProductID,int,N,2,Table
localhost,Northwind,dbo,Order Details,UnitPrice,money,N,3,Table
localhost,Northwind,dbo,Order Details,Quantity,smallint,N,4,Table
localhost,Northwind,dbo,Order Details,Discount,real,N,5,Table
localhost,Northwind,dbo,Orders,OrderID,int,N,1,Table
localhost,Northwind,dbo,Orders,CustomerID,nchar(5),Y,2,Table
localhost,Northwind,dbo,Orders,EmployeeID,int,Y,3,Table
localhost,Northwind,dbo,Orders,OrderDate,datetime,Y,4,Table
localhost,Northwind,dbo,Orders,RequiredDate,datetime,Y,5,Table
localhost,Northwind,dbo,Orders,ShippedDate,datetime,Y,6,Table
localhost,Northwind,dbo,Orders,ShipVia,int,Y,7,Table
localhost,Northwind,dbo,Orders,Freight,money,Y,8,Table
localhost,Northwind,dbo,Orders,ShipName,nvarchar(40),Y,9,Table
localhost,Northwind,dbo,Orders,ShipAddress,nvarchar(60),Y,10,Table
localhost,Northwind,dbo,Orders,ShipCity,nvarchar(15),Y,11,Table
localhost,Northwind,dbo,Orders,ShipRegion,nvarchar(15),Y,12,Table
localhost,Northwind,dbo,Orders,ShipPostalCode,nvarchar(10),Y,13,Table
localhost,Northwind,dbo,Orders,ShipCountry,nvarchar(15),Y,14,Table
localhost,Northwind,dbo,Products,ProductID,int,N,1,Table
localhost,Northwind,dbo,Products,ProductName,nvarchar(40),N,2,Table
localhost,Northwind,dbo,Products,SupplierID,int,Y,3,Table
localhost,Northwind,dbo,Products,CategoryID,int,Y,4,Table
localhost,Northwind,dbo,Products,QuantityPerUnit,nvarchar(20),Y,5,Table
localhost,Northwind,dbo,Products,UnitPrice,money,Y,6,Table
localhost,Northwind,dbo,Products,UnitsInStock,smallint,Y,7,Table
localhost,Northwind,dbo,Products,UnitsOnOrder,smallint,Y,8,Table
localhost,Northwind,dbo,Products,ReorderLevel,smallint,Y,9,Table
localhost,Northwind,dbo,Products,Discontinued,bit,N,10,Table
localhost,Northwind,dbo,Region,RegionID,int,N,1,Table
localhost,Northwind,dbo,Region,RegionDescription,nchar(50),N,2,Table
localhost,Northwind,dbo,Shippers,ShipperID,int,N,1,Table
localhost,Northwind,dbo,Shippers,CompanyName,nvarchar(40),N,2,Table
localhost,Northwind,dbo,Shippers,Phone,nvarchar(24),Y,3,Table
localhost,Northwind,dbo,Suppliers,SupplierID,int,N,1,Table
localhost,Northwind,dbo,Suppliers,CompanyName,nvarchar(40),N,2,Table
localhost,Northwind,dbo,Suppliers,ContactName,nvarchar(30),Y,3,Table
localhost,Northwind,dbo,Suppliers,ContactTitle,nvarchar(30),Y,4,Table
localhost,Northwind,dbo,Suppliers,Address,nvarchar(60),Y,5,Table
localhost,Northwind,dbo,Suppliers,City,nvarchar(15),Y,6,Table
localhost,Northwind,dbo,Suppliers,Region,nvarchar(15),Y,7,Table
localhost,Northwind,dbo,Suppliers,PostalCode,nvarchar(10),Y,8,Table
localhost,Northwind,dbo,Suppliers,Country,nvarchar(15),Y,9,Table
localhost,Northwind,dbo,Suppliers,Phone,nvarchar(24),Y,10,Table
localhost,Northwind,dbo,Suppliers,Fax,nvarchar(24),Y,11,Table
localhost,Northwind,dbo,Suppliers,HomePage,ntext,Y,12,Table
localhost,Northwind,dbo,Territories,TerritoryID,nvarchar(20),N,1,Table
localhost,Northwind,dbo,Territories,TerritoryDescription,nchar(50),N,2,Table
localhost,Northwind,dbo,Territories,RegionID,int,N,3,Table
localhost,pubs,dbo,authors,au_id,varchar(11),N,1,Table
localhost,pubs,dbo,authors,au_lname,varchar(40),N,2,Table
localhost,pubs,dbo,authors,au_fname,varchar(20),N,3,Table
localhost,pubs,dbo,authors,phone,char(12),N,4,Table
localhost,pubs,dbo,authors,address,varchar(40),Y,5,Table
localhost,pubs,dbo,authors,city,varchar(20),Y,6,Table
localhost,pubs,dbo,authors,state,char(2),Y,7,Table
localhost,pubs,dbo,authors,zip,char(5),Y,8,Table
localhost,pubs,dbo,authors,contract,bit,N,9,Table
localhost,pubs,dbo,discounts,discounttype,varchar(40),N,1,Table
localhost,pubs,dbo,discounts,stor_id,char(4),Y,2,Table
localhost,pubs,dbo,discounts,lowqty,smallint,Y,3,Table
localhost,pubs,dbo,discounts,highqty,smallint,Y,4,Table
localhost,pubs,dbo,discounts,discount,"decimal(5, 2)",N,5,Table
localhost,pubs,dbo,employee,emp_id,char(9),N,1,Table
localhost,pubs,dbo,employee,fname,varchar(20),N,2,Table
localhost,pubs,dbo,employee,minit,char(1),Y,3,Table
localhost,pubs,dbo,employee,lname,varchar(30),N,4,Table
localhost,pubs,dbo,employee,job_id,smallint,N,5,Table
localhost,pubs,dbo,employee,job_lvl,tinyint,Y,6,Table
localhost,pubs,dbo,employee,pub_id,char(4),N,7,Table
localhost,pubs,dbo,employee,hire_date,datetime,N,8,Table
localhost,pubs,dbo,jobs,job_id,smallint,N,1,Table
localhost,pubs,dbo,jobs,job_desc,varchar(50),N,2,Table
localhost,pubs,dbo,jobs,min_lvl,tinyint,N,3,Table
localhost,pubs,dbo,jobs,max_lvl,tinyint,N,4,Table
localhost,pubs,dbo,pub_info,pub_id,char(4),N,1,Table
localhost,pubs,dbo,pub_info,logo,image,Y,2,Table
localhost,pubs,dbo,pub_info,pr_info,text,Y,3,Table
localhost,pubs,dbo,publishers,pub_id,char(4),N,1,Table
localhost,pubs,dbo,publishers,pub_name,varchar(40),Y,2,Table
localhost,pubs,dbo,publishers,city,varchar(20),Y,3,Table
localhost,pubs,dbo,publishers,state,char(2),Y,4,Table
localhost,pubs,dbo,publishers,country,varchar(30),Y,5,Table
localhost,pubs,dbo,roysched,title_id,varchar(6),N,1,Table
localhost,pubs,dbo,roysched,lorange,int,Y,2,Table
localhost,pubs,dbo,roysched,hirange,int,Y,3,Table
localhost,pubs,dbo,roysched,royalty,int,Y,4,Table
localhost,pubs,dbo,sales,stor_id,char(4),N,1,Table
localhost,pubs,dbo,sales,ord_num,varchar(20),N,2,Table
localhost,pubs,dbo,sales,ord_date,datetime,N,3,Table
localhost,pubs,dbo,sales,qty,smallint,N,4,Table
localhost,pubs,dbo,sales,payterms,varchar(12),N,5,Table
localhost,pubs,dbo,sales,title_id,varchar(6),N,6,Table
localhost,pubs,dbo,stores,stor_id,char(4),N,1,Table
localhost,pubs,dbo,stores,stor_name,varchar(40),Y,2,Table
localhost,pubs,dbo,stores,stor_address,varchar(40),Y,3,Table
localhost,pubs,dbo,stores,city,varchar(20),Y,4,Table
localhost,pubs,dbo,stores,state,char(2),Y,5,Table
localhost,pubs,dbo,stores,zip,char(5),Y,6,Table
localhost,pubs,dbo,titleauthor,au_id,varchar(11),N,1,Table
localhost,pubs,dbo,titleauthor,title_id,varchar(6),N,2,Table
localhost,pubs,dbo,titleauthor,au_ord,tinyint,Y,3,Table
localhost,pubs,dbo,titleauthor,royaltyper,int,Y,4,Table
localhost,pubs,dbo,titles,title_id,varchar(6),N,1,Table
localhost,pubs,dbo,titles,title,varchar(80),N,2,Table
localhost,pubs,dbo,titles,type,char(12),N,3,Table
localhost,pubs,dbo,titles,pub_id,char(4),Y,4,Table
localhost,pubs,dbo,titles,price,money,Y,5,Table
localhost,pubs,dbo,titles,advance,money,Y,6,Table
localhost,pubs,dbo,titles,royalty,int,Y,7,Table
localhost,pubs,dbo,titles,ytd_sales,int,Y,8,Table
localhost,pubs,dbo,titles,notes,varchar(200),Y,9,Table
localhost,pubs,dbo,titles,pubdate,datetime,N,10,Table
localhost,ReportServerTempDB,dbo,ChunkData,ChunkID,uniqueidentifier,N,1,Table
localhost,ReportServerTempDB,dbo,ChunkData,SnapshotDataID,uniqueidentifier,N,2,Table
localhost,ReportServerTempDB,dbo,ChunkData,ChunkFlags,tinyint,Y,3,Table
localhost,ReportServerTempDB,dbo,ChunkData,ChunkName,nvarchar(260),Y,4,Table
localhost,ReportServerTempDB,dbo,ChunkData,ChunkType,int,Y,5,Table
localhost,ReportServerTempDB,dbo,ChunkData,Version,smallint,Y,6,Table
localhost,ReportServerTempDB,dbo,ChunkData,MimeType,nvarchar(260),Y,7,Table
localhost,ReportServerTempDB,dbo,ChunkData,Content,image,Y,8,Table
localhost,ReportServerTempDB,dbo,ChunkSegmentMapping,ChunkId,uniqueidentifier,N,1,Table
localhost,ReportServerTempDB,dbo,ChunkSegmentMapping,SegmentId,uniqueidentifier,N,2,Table
localhost,ReportServerTempDB,dbo,ChunkSegmentMapping,StartByte,bigint,N,3,Table
localhost,ReportServerTempDB,dbo,ChunkSegmentMapping,LogicalByteCount,int,N,4,Table
localhost,ReportServerTempDB,dbo,ChunkSegmentMapping,ActualByteCount,int,N,5,Table
localhost,ReportServerTempDB,dbo,ContentCache,ContentCacheID,bigint,N,1,Table
localhost,ReportServerTempDB,dbo,ContentCache,CatalogItemID,uniqueidentifier,N,2,Table
localhost,ReportServerTempDB,dbo,ContentCache,CreatedDate,datetime,N,3,Table
localhost,ReportServerTempDB,dbo,ContentCache,ParamsHash,int,Y,4,Table
localhost,ReportServerTempDB,dbo,ContentCache,EffectiveParams,nvarchar(0),Y,5,Table
localhost,ReportServerTempDB,dbo,ContentCache,ContentType,nvarchar(256),Y,6,Table
localhost,ReportServerTempDB,dbo,ContentCache,ExpirationDate,datetime,N,7,Table
localhost,ReportServerTempDB,dbo,ContentCache,Version,smallint,Y,8,Table
localhost,ReportServerTempDB,dbo,ContentCache,Content,varbinary,Y,9,Table
localhost,ReportServerTempDB,dbo,DBUpgradeHistory,UpgradeID,bigint,N,1,Table
localhost,ReportServerTempDB,dbo,DBUpgradeHistory,DbVersion,nvarchar(25),Y,2,Table
localhost,ReportServerTempDB,dbo,DBUpgradeHistory,User,nvarchar(128),Y,3,Table
localhost,ReportServerTempDB,dbo,DBUpgradeHistory,DateTime,datetime,Y,4,Table
localhost,ReportServerTempDB,dbo,ExecutionCache,ExecutionCacheID,uniqueidentifier,N,1,Table
localhost,ReportServerTempDB,dbo,ExecutionCache,ReportID,uniqueidentifier,N,2,Table
localhost,ReportServerTempDB,dbo,ExecutionCache,ExpirationFlags,int,N,3,Table
localhost,ReportServerTempDB,dbo,ExecutionCache,AbsoluteExpiration,datetime,Y,4,Table
localhost,ReportServerTempDB,dbo,ExecutionCache,RelativeExpiration,int,Y,5,Table
localhost,ReportServerTempDB,dbo,ExecutionCache,SnapshotDataID,uniqueidentifier,N,6,Table
localhost,ReportServerTempDB,dbo,ExecutionCache,LastUsedTime,datetime,N,7,Table
localhost,ReportServerTempDB,dbo,ExecutionCache,ParamsHash,int,N,8,Table
localhost,ReportServerTempDB,dbo,PersistedStream,SessionID,varchar(32),N,1,Table
localhost,ReportServerTempDB,dbo,PersistedStream,Index,int,N,2,Table
localhost,ReportServerTempDB,dbo,PersistedStream,Content,image,Y,3,Table
localhost,ReportServerTempDB,dbo,PersistedStream,Name,nvarchar(260),Y,4,Table
localhost,ReportServerTempDB,dbo,PersistedStream,MimeType,nvarchar(260),Y,5,Table
localhost,ReportServerTempDB,dbo,PersistedStream,Extension,nvarchar(260),Y,6,Table
localhost,ReportServerTempDB,dbo,PersistedStream,Encoding,nvarchar(260),Y,7,Table
localhost,ReportServerTempDB,dbo,PersistedStream,Error,nvarchar(512),Y,8,Table
localhost,ReportServerTempDB,dbo,PersistedStream,RefCount,int,N,9,Table
localhost,ReportServerTempDB,dbo,PersistedStream,ExpirationDate,datetime,N,10,Table
localhost,ReportServerTempDB,dbo,Segment,SegmentId,uniqueidentifier,N,1,Table
localhost,ReportServerTempDB,dbo,Segment,Content,varbinary,Y,3,Table
localhost,ReportServerTempDB,dbo,SegmentedChunk,ChunkId,uniqueidentifier,N,1,Table
localhost,ReportServerTempDB,dbo,SegmentedChunk,SnapshotDataId,uniqueidentifier,N,2,Table
localhost,ReportServerTempDB,dbo,SegmentedChunk,ChunkFlags,tinyint,N,3,Table
localhost,ReportServerTempDB,dbo,SegmentedChunk,ChunkName,nvarchar(260),N,4,Table
localhost,ReportServerTempDB,dbo,SegmentedChunk,ChunkType,int,N,5,Table
localhost,ReportServerTempDB,dbo,SegmentedChunk,Version,smallint,N,6,Table
localhost,ReportServerTempDB,dbo,SegmentedChunk,MimeType,nvarchar(260),Y,7,Table
localhost,ReportServerTempDB,dbo,SegmentedChunk,Machine,nvarchar(512),N,8,Table
localhost,ReportServerTempDB,dbo,SegmentedChunk,SegmentedChunkId,bigint,N,9,Table
localhost,ReportServerTempDB,dbo,SessionData,SessionID,varchar(32),N,1,Table
localhost,ReportServerTempDB,dbo,SessionData,CompiledDefinition,uniqueidentifier,Y,2,Table
localhost,ReportServerTempDB,dbo,SessionData,SnapshotDataID,uniqueidentifier,Y,3,Table
localhost,ReportServerTempDB,dbo,SessionData,IsPermanentSnapshot,bit,Y,4,Table
localhost,ReportServerTempDB,dbo,SessionData,ReportPath,nvarchar(464),Y,5,Table
localhost,ReportServerTempDB,dbo,SessionData,Timeout,int,N,6,Table
localhost,ReportServerTempDB,dbo,SessionData,AutoRefreshSeconds,int,Y,7,Table
localhost,ReportServerTempDB,dbo,SessionData,Expiration,datetime,N,8,Table
localhost,ReportServerTempDB,dbo,SessionData,ShowHideInfo,image,Y,9,Table
localhost,ReportServerTempDB,dbo,SessionData,DataSourceInfo,image,Y,10,Table
localhost,ReportServerTempDB,dbo,SessionData,OwnerID,uniqueidentifier,N,11,Table
localhost,ReportServerTempDB,dbo,SessionData,EffectiveParams,ntext,Y,12,Table
localhost,ReportServerTempDB,dbo,SessionData,CreationTime,datetime,N,13,Table
localhost,ReportServerTempDB,dbo,SessionData,HasInteractivity,bit,Y,14,Table
localhost,ReportServerTempDB,dbo,SessionData,SnapshotExpirationDate,datetime,Y,15,Table
localhost,ReportServerTempDB,dbo,SessionData,HistoryDate,datetime,Y,16,Table
localhost,ReportServerTempDB,dbo,SessionData,PageHeight,float,Y,17,Table
localhost,ReportServerTempDB,dbo,SessionData,PageWidth,float,Y,18,Table
localhost,ReportServerTempDB,dbo,SessionData,TopMargin,float,Y,19,Table
localhost,ReportServerTempDB,dbo,SessionData,BottomMargin,float,Y,20,Table
localhost,ReportServerTempDB,dbo,SessionData,LeftMargin,float,Y,21,Table
localhost,ReportServerTempDB,dbo,SessionData,RightMargin,float,Y,22,Table
localhost,ReportServerTempDB,dbo,SessionData,AwaitingFirstExecution,bit,Y,24,Table
localhost,ReportServerTempDB,dbo,SessionData,EditSessionID,varchar(32),Y,25,Table
localhost,ReportServerTempDB,dbo,SessionData,DataSetInfo,varbinary,Y,26,Table
localhost,ReportServerTempDB,dbo,SessionData,SitePath,nvarchar(440),Y,27,Table
localhost,ReportServerTempDB,dbo,SessionData,SiteZone,int,N,28,Table
localhost,ReportServerTempDB,dbo,SessionData,ReportDefinitionPath,nvarchar(464),Y,29,Table
localhost,ReportServerTempDB,dbo,SessionLock,SessionID,varchar(32),N,1,Table
localhost,ReportServerTempDB,dbo,SessionLock,LockVersion,int,N,2,Table
localhost,ReportServerTempDB,dbo,SnapshotData,SnapshotDataID,uniqueidentifier,N,1,Table
localhost,ReportServerTempDB,dbo,SnapshotData,CreatedDate,datetime,N,2,Table
localhost,ReportServerTempDB,dbo,SnapshotData,ParamsHash,int,Y,3,Table
localhost,ReportServerTempDB,dbo,SnapshotData,QueryParams,ntext,Y,4,Table
localhost,ReportServerTempDB,dbo,SnapshotData,EffectiveParams,ntext,Y,5,Table
localhost,ReportServerTempDB,dbo,SnapshotData,Description,nvarchar(512),Y,6,Table
localhost,ReportServerTempDB,dbo,SnapshotData,DependsOnUser,bit,Y,7,Table
localhost,ReportServerTempDB,dbo,SnapshotData,PermanentRefcount,int,N,8,Table
localhost,ReportServerTempDB,dbo,SnapshotData,TransientRefcount,int,N,9,Table
localhost,ReportServerTempDB,dbo,SnapshotData,ExpirationDate,datetime,N,10,Table
localhost,ReportServerTempDB,dbo,SnapshotData,PageCount,int,Y,11,Table
localhost,ReportServerTempDB,dbo,SnapshotData,HasDocMap,bit,Y,12,Table
localhost,ReportServerTempDB,dbo,SnapshotData,Machine,nvarchar(512),N,13,Table
localhost,ReportServerTempDB,dbo,SnapshotData,PaginationMode,smallint,Y,14,Table
localhost,ReportServerTempDB,dbo,SnapshotData,ProcessingFlags,int,Y,15,Table
localhost,ReportServerTempDB,dbo,SnapshotData,IsCached,bit,Y,16,Table
localhost,ReportServerTempDB,dbo,TempCatalog,EditSessionID,varchar(32),N,1,Table
localhost,ReportServerTempDB,dbo,TempCatalog,TempCatalogID,uniqueidentifier,N,2,Table
localhost,ReportServerTempDB,dbo,TempCatalog,ContextPath,nvarchar(425),N,3,Table
localhost,ReportServerTempDB,dbo,TempCatalog,Name,nvarchar(425),N,4,Table
localhost,ReportServerTempDB,dbo,TempCatalog,Content,varbinary,Y,5,Table
localhost,ReportServerTempDB,dbo,TempCatalog,Description,nvarchar(0),Y,6,Table
localhost,ReportServerTempDB,dbo,TempCatalog,Intermediate,uniqueidentifier,Y,7,Table
localhost,ReportServerTempDB,dbo,TempCatalog,IntermediateIsPermanent,bit,N,8,Table
localhost,ReportServerTempDB,dbo,TempCatalog,Property,nvarchar(0),Y,9,Table
localhost,ReportServerTempDB,dbo,TempCatalog,Parameter,nvarchar(0),Y,10,Table
localhost,ReportServerTempDB,dbo,TempCatalog,OwnerID,uniqueidentifier,N,11,Table
localhost,ReportServerTempDB,dbo,TempCatalog,CreationTime,datetime,N,12,Table
localhost,ReportServerTempDB,dbo,TempCatalog,ExpirationTime,datetime,N,13,Table
localhost,ReportServerTempDB,dbo,TempCatalog,DataCacheHash,varbinary,Y,14,Table
localhost,ReportServerTempDB,dbo,TempDataSets,ID,uniqueidentifier,N,1,Table
localhost,ReportServerTempDB,dbo,TempDataSets,ItemID,uniqueidentifier,N,2,Table
localhost,ReportServerTempDB,dbo,TempDataSets,LinkID,uniqueidentifier,Y,3,Table
localhost,ReportServerTempDB,dbo,TempDataSets,Name,nvarchar(260),N,4,Table
localhost,ReportServerTempDB,dbo,TempDataSources,DSID,uniqueidentifier,N,1,Table
localhost,ReportServerTempDB,dbo,TempDataSources,ItemID,uniqueidentifier,N,2,Table
localhost,ReportServerTempDB,dbo,TempDataSources,Name,nvarchar(260),Y,3,Table
localhost,ReportServerTempDB,dbo,TempDataSources,Extension,nvarchar(260),Y,4,Table
localhost,ReportServerTempDB,dbo,TempDataSources,Link,uniqueidentifier,Y,5,Table
localhost,ReportServerTempDB,dbo,TempDataSources,CredentialRetrieval,int,Y,6,Table
localhost,ReportServerTempDB,dbo,TempDataSources,Prompt,ntext,Y,7,Table
localhost,ReportServerTempDB,dbo,TempDataSources,ConnectionString,image,Y,8,Table
localhost,ReportServerTempDB,dbo,TempDataSources,OriginalConnectionString,image,Y,9,Table
localhost,ReportServerTempDB,dbo,TempDataSources,OriginalConnectStringExpressionBased,bit,Y,10,Table
localhost,ReportServerTempDB,dbo,TempDataSources,UserName,image,Y,11,Table
localhost,ReportServerTempDB,dbo,TempDataSources,Password,image,Y,12,Table
localhost,ReportServerTempDB,dbo,TempDataSources,Flags,int,Y,13,Table
localhost,ReportServerTempDB,dbo,TempDataSources,Version,int,N,14,Table
127.0.0.1,Insurance,dbo,dimCalendar,date_key,date,N,1,Table
127.0.0.1,Insurance,dbo,dimCalendar,DateNum,int,Y,2,Table
127.0.0.1,Insurance,dbo,dimCalendar,MonthYearName,varchar(8),Y,3,Table
127.0.0.1,Insurance,dbo,dimCalendar,MonthAbbr,varchar(3),Y,4,Table
127.0.0.1,Insurance,dbo,dimCalendar,MonthStartDate,date,Y,5,Table
127.0.0.1,Insurance,dbo,dimCalendar,MonthEndDate,date,Y,6,Table
127.0.0.1,Insurance,dbo,dimCalendar,DayDate,varchar(14),Y,7,Table
127.0.0.1,Insurance,dbo,dimCalendar,DayDateShort,varchar(10),Y,8,Table
127.0.0.1,Insurance,dbo,dimCalendar,YearWeek,varchar(7),Y,9,Table
127.0.0.1,Insurance,dbo,dimCalendar,DayNumYear,int,Y,10,Table
127.0.0.1,Insurance,dbo,dimCalendar,US_CalendarDate,varchar(10),Y,11,Table
127.0.0.1,Insurance,dbo,dimCalendar,WeekNumYear,int,Y,12,Table
127.0.0.1,Insurance,dbo,dimCalendar,DayAbbr,char(3),Y,13,Table
127.0.0.1,Insurance,dbo,dimCalendar,DayAbbrShort,char(2),Y,14,Table
127.0.0.1,Insurance,dbo,dimCalendar,MonthDayNum,int,Y,15,Table
127.0.0.1,Insurance,dbo,dimCalendar,YearMonth,char(8),Y,16,Table
127.0.0.1,Insurance,dbo,dimCalendar,WhatIfMonth,char(8),Y,17,Table
127.0.0.1,Insurance,dbo,dimCalendar,MonthNum,int,Y,18,Table
127.0.0.1,Insurance,dbo,dimCalendar,YearNum,int,Y,19,Table
127.0.0.1,Insurance,dbo,dimCalendar,CalQrtrNum,int,Y,20,Table
127.0.0.1,Insurance,dbo,dimCalendar,CalQrtrName,char(7),Y,21,Table
127.0.0.1,Insurance,dbo,dimCalendar,FinQtrNum,int,Y,22,Table
127.0.0.1,Insurance,dbo,dimCalendar,FinQtrStartDate,date,Y,23,Table
127.0.0.1,Insurance,dbo,dimCalendar,FinQtrEndDate,date,Y,24,Table
127.0.0.1,Insurance,dbo,dimCalendar,FinYearQtrName,char(8),Y,25,Table
127.0.0.1,Insurance,dbo,dimCalendar,FinYearQtrNum,int,Y,26,Table
127.0.0.1,Insurance,dbo,dimCalendar,FinYearNum,int,Y,27,Table
127.0.0.1,Insurance,dbo,dimCalendar,FinPrevQtrStartDate,date,Y,28,Table
127.0.0.1,Insurance,dbo,dimCalendar,FinPrevQtrEndDate,date,Y,29,Table
127.0.0.1,Insurance,dbo,dimCalendar,prevFinYearQtrNum,char(7),Y,30,Table
127.0.0.1,Insurance,dbo,dimClaimCause,sid_ClaimCause,int,N,1,Table
127.0.0.1,Insurance,dbo,dimClaimCause,sid_CauseCategory,int,Y,2,Table
127.0.0.1,Insurance,dbo,dimClaimCause,CauseName,varchar(256),Y,3,Table
127.0.0.1,Insurance,dbo,dimClaimClauseCategory,sid_CauseCategory,int,N,1,Table
127.0.0.1,Insurance,dbo,dimClaimClauseCategory,CategoryName,varchar(256),Y,2,Table
127.0.0.1,Insurance,dbo,dimClaimType,sid_ClaimType,int,N,1,Table
127.0.0.1,Insurance,dbo,dimClaimType,ClaimTypeCode,varchar(3),Y,2,Table
127.0.0.1,Insurance,dbo,dimClaimType,ClaimTypeDescription,varchar(80),Y,3,Table
127.0.0.1,Insurance,dbo,dimCoverType,sid_CoverType,int,N,1,Table
127.0.0.1,Insurance,dbo,dimCoverType,CoverTypeCode,varchar(3),Y,2,Table
127.0.0.1,Insurance,dbo,dimCoverType,CoverTypeDescription,varchar(80),Y,3,Table
127.0.0.1,Insurance,dbo,dimEnterprise,EnterpriseKey,int,N,1,Table
127.0.0.1,Insurance,dbo,dimEnterprise,EnterpriseName,varchar(50),Y,2,Table
127.0.0.1,Insurance,dbo,dimMember,MemberKey,int,N,1,Table
127.0.0.1,Insurance,dbo,dimMember,member_biz_key,int,N,2,Table
127.0.0.1,Insurance,dbo,dimMember,age,int,Y,3,Table
127.0.0.1,Insurance,dbo,dimMember,gender,varchar(6),Y,4,Table
127.0.0.1,Insurance,dbo,dimMember,sid_PostalCode,int,Y,6,Table
127.0.0.1,Insurance,dbo,dimMember,country,varchar(100),Y,7,Table
127.0.0.1,Insurance,dbo,dimMember,nationality,varchar(50),Y,8,Table
127.0.0.1,Insurance,dbo,dimMember,email_address,varchar(50),Y,9,Table
127.0.0.1,Insurance,dbo,dimMember,member_type,varchar(12),Y,10,Table
127.0.0.1,Insurance,dbo,dimMember,marital_status,varchar(50),Y,11,Table
127.0.0.1,Insurance,dbo,dimMember,no_of_dependents,int,Y,12,Table
127.0.0.1,Insurance,dbo,dimMember,mortgage,varchar(50),Y,13,Table
127.0.0.1,Insurance,dbo,dimMember,date_joined_co,date,Y,14,Table
127.0.0.1,Insurance,dbo,dimMember,self_employed_flag,int,Y,15,Table
127.0.0.1,Insurance,dbo,dimMember,age_band,varchar(50),Y,16,Table
127.0.0.1,Insurance,dbo,dimMember,occupation,varchar(50),Y,18,Table
127.0.0.1,Insurance,dbo,dimMember,annual_salary,money,Y,19,Table
127.0.0.1,Insurance,dbo,dimMember,employee_status,varchar(50),Y,20,Table
127.0.0.1,Insurance,dbo,dimMember,date_joined_fund,date,Y,21,Table
127.0.0.1,Insurance,dbo,dimMember_aSynthKey,MemberKey,int,N,1,Table
127.0.0.1,Insurance,dbo,dimMember_aSynthKey,member_biz_key,int,N,2,Table
127.0.0.1,Insurance,dbo,dimMember_aSynthKey,age,int,Y,3,Table
127.0.0.1,Insurance,dbo,dimMember_aSynthKey,gender,varchar(6),Y,4,Table
127.0.0.1,Insurance,dbo,dimMember_aSynthKey,sid_PostalCode,int,Y,5,Table
127.0.0.1,Insurance,dbo,dimMember_aSynthKey,country,varchar(100),Y,6,Table
127.0.0.1,Insurance,dbo,dimMember_aSynthKey,nationality,varchar(50),Y,7,Table
127.0.0.1,Insurance,dbo,dimMember_aSynthKey,email_address,varchar(50),Y,8,Table
127.0.0.1,Insurance,dbo,dimMember_aSynthKey,member_type,varchar(12),Y,9,Table
127.0.0.1,Insurance,dbo,dimMember_aSynthKey,marital_status,varchar(50),Y,10,Table
127.0.0.1,Insurance,dbo,dimMember_aSynthKey,no_of_dependents,int,Y,11,Table
127.0.0.1,Insurance,dbo,dimMember_aSynthKey,mortgage,varchar(50),Y,12,Table
127.0.0.1,Insurance,dbo,dimMember_aSynthKey,date_joined_co,date,Y,13,Table
127.0.0.1,Insurance,dbo,dimMember_aSynthKey,self_employed_flag,int,Y,14,Table
127.0.0.1,Insurance,dbo,dimMember_aSynthKey,age_band,varchar(50),Y,15,Table
127.0.0.1,Insurance,dbo,dimMember_aSynthKey,EnterpriseKey,int,Y,16,Table
127.0.0.1,Insurance,dbo,dimMember_aSynthKey,occupation,varchar(50),Y,17,Table
127.0.0.1,Insurance,dbo,dimMember_aSynthKey,annual_salary,money,Y,18,Table
127.0.0.1,Insurance,dbo,dimMember_aSynthKey,employee_status,varchar(50),Y,19,Table
127.0.0.1,Insurance,dbo,dimMember_aSynthKey,date_joined_fund,date,Y,20,Table
127.0.0.1,Insurance,dbo,dimMemberCover,MemberKey,int,N,1,Table
127.0.0.1,Insurance,dbo,dimMemberCover,underwriting_year,int,N,2,Table
127.0.0.1,Insurance,dbo,dimMemberCover,total_death_cover,money,Y,3,Table
127.0.0.1,Insurance,dbo,dimMemberCover,total_death_cover_premium,money,Y,4,Table
127.0.0.1,Insurance,dbo,dimMemberCover,total_ip_cover,money,Y,5,Table
127.0.0.1,Insurance,dbo,dimMemberCover,total_ip_cover_premium,money,Y,6,Table
127.0.0.1,Insurance,dbo,dimMemberCover,total_tpd_cover,money,Y,7,Table
127.0.0.1,Insurance,dbo,dimMemberCover,total_tpd_cover_premium,money,Y,8,Table
127.0.0.1,Insurance,dbo,dimMemberCover,total_tib_cover,money,Y,9,Table
127.0.0.1,Insurance,dbo,dimMemberCover,total_tib_premium,money,Y,10,Table
127.0.0.1,Insurance,dbo,dimPostalCode,sid_PostalCode,int,N,1,Table
127.0.0.1,Insurance,dbo,dimPostalCode,postal_code,varchar(7),N,2,Table
127.0.0.1,Insurance,dbo,dimPostalCode,Suburb,varchar(50),N,3,Table
127.0.0.1,Insurance,dbo,dimPostalCode,State,varchar(3),Y,4,Table
127.0.0.1,Insurance,dbo,factEmployerContributions,EnterpriseKey,int,Y,1,Table
127.0.0.1,Insurance,dbo,factEmployerContributions,MemberKey,int,Y,2,Table
127.0.0.1,Insurance,dbo,factEmployerContributions,AnnualSalary,money,Y,3,Table
127.0.0.1,Insurance,dbo,factEmployerContributions,EmployerContribDate,date,Y,4,Table
127.0.0.1,Insurance,dbo,factEmployerContributions,date_key,int,Y,5,Table
127.0.0.1,Insurance,dbo,factEmployerContributions,EmployerContribAmount,money,Y,6,Table
127.0.0.1,Insurance,dbo,factMemberClaims,MemberKey,int,N,1,Table
127.0.0.1,Insurance,dbo,factMemberClaims,sid_ClaimType,int,Y,3,Table
127.0.0.1,Insurance,dbo,factMemberClaims,sid_ClaimCause,int,Y,4,Table
127.0.0.1,Insurance,dbo,factMemberClaims,claimnotificationdate,date,Y,5,Table
127.0.0.1,Insurance,dbo,factMemberClaims,claimeventdate,date,Y,6,Table
127.0.0.1,Insurance,dbo,factMemberClaims,claimstatus,varchar(50),Y,7,Table
127.0.0.1,Insurance,dbo,factMemberClaims,claimpaidamount,money,Y,8,Table
127.0.0.1,Insurance,dbo,factMemberClaims,claimpaiddate,date,Y,9,Table
127.0.0.1,Insurance,dbo,factMemberClaims,claiminsurer,varchar(50),Y,10,Table
127.0.0.1,Insurance,dbo,factMemberClaims,claimcreateddate,date,Y,11,Table
127.0.0.1,Insurance,dbo,factMemberClaims_CircRef,MemberKey,int,N,1,Table
127.0.0.1,Insurance,dbo,factMemberClaims_CircRef,postal_code,varchar(7),Y,2,Table
127.0.0.1,Insurance,dbo,factMemberClaims_CircRef,sid_ClaimType,int,Y,3,Table
127.0.0.1,Insurance,dbo,factMemberClaims_CircRef,sid_ClaimCause,int,Y,4,Table
127.0.0.1,Insurance,dbo,factMemberClaims_CircRef,claimnotificationdate,date,Y,5,Table
127.0.0.1,Insurance,dbo,factMemberClaims_CircRef,claimeventdate,date,Y,6,Table
127.0.0.1,Insurance,dbo,factMemberClaims_CircRef,claimstatus,varchar(50),Y,7,Table
127.0.0.1,Insurance,dbo,factMemberClaims_CircRef,claimpaidamount,money,Y,8,Table
127.0.0.1,Insurance,dbo,factMemberClaims_CircRef,claimpaiddate,date,Y,9,Table
127.0.0.1,Insurance,dbo,factMemberClaims_CircRef,claiminsurer,varchar(50),Y,10,Table
127.0.0.1,Insurance,dbo,factMemberClaims_CircRef,claimcreateddate,date,Y,11,Table
127.0.0.1,Insurance,dbo,sysdiagrams,name,nvarchar(128),N,1,Table
127.0.0.1,Insurance,dbo,sysdiagrams,principal_id,int,N,2,Table
127.0.0.1,Insurance,dbo,sysdiagrams,diagram_id,int,N,3,Table
127.0.0.1,Insurance,dbo,sysdiagrams,version,int,Y,4,Table
127.0.0.1,Insurance,dbo,sysdiagrams,definition,varbinary,Y,5,Table
127.0.0.1,eCommerce,dbo,Calendar,DateKey,int,N,1,Table
127.0.0.1,eCommerce,dbo,Calendar,DisplayDate,date,Y,2,Table
127.0.0.1,eCommerce,dbo,Calendar,DayAbbr,char(3),Y,3,Table
127.0.0.1,eCommerce,dbo,Calendar,DayAbbrShort,char(2),Y,4,Table
127.0.0.1,eCommerce,dbo,Calendar,DayDate,varchar(13),Y,5,Table
127.0.0.1,eCommerce,dbo,Calendar,DayDateShort,varchar(10),Y,6,Table
127.0.0.1,eCommerce,dbo,Calendar,DayNumYear,int,Y,7,Table
127.0.0.1,eCommerce,dbo,Calendar,YearWeek,varchar(7),Y,8,Table
127.0.0.1,eCommerce,dbo,Calendar,YearNum,int,Y,9,Table
127.0.0.1,eCommerce,dbo,Calendar,YearMonth,varchar(8),Y,10,Table
127.0.0.1,eCommerce,dbo,Calendar,WeekNumYear,int,Y,11,Table
127.0.0.1,eCommerce,dbo,Calendar,CalQrtrName,varchar(7),Y,12,Table
127.0.0.1,eCommerce,dbo,Calendar,CalQrtrNum,int,Y,13,Table
127.0.0.1,eCommerce,dbo,Calendar,MonthAbbr,varchar(12),Y,14,Table
127.0.0.1,eCommerce,dbo,Calendar,MonthDayNum,int,Y,15,Table
127.0.0.1,eCommerce,dbo,Calendar,MonthEndDate,date,Y,16,Table
127.0.0.1,eCommerce,dbo,Calendar,MonthNum,int,Y,17,Table
127.0.0.1,eCommerce,dbo,Calendar,MonthStartDate,date,Y,18,Table
127.0.0.1,eCommerce,dbo,Calendar,MonthYearName,nvarchar(255),Y,19,Table
127.0.0.1,eCommerce,dbo,Calendar,FinPrevQtrEndDate,date,Y,20,Table
127.0.0.1,eCommerce,dbo,Calendar,FinPrevQtrStartDate,date,Y,21,Table
127.0.0.1,eCommerce,dbo,Calendar,FinQtrEndDate,date,Y,22,Table
127.0.0.1,eCommerce,dbo,Calendar,FinQtrNum,int,Y,23,Table
127.0.0.1,eCommerce,dbo,Calendar,FinQtrStartDate,date,Y,24,Table
127.0.0.1,eCommerce,dbo,Calendar,FinYearNum,int,Y,25,Table
127.0.0.1,eCommerce,dbo,Calendar,FinYearQtrName,varchar(7),Y,26,Table
127.0.0.1,eCommerce,dbo,Calendar,FinYearQtrNum,int,Y,27,Table
127.0.0.1,eCommerce,dbo,Currency,CurrencyKey,int,N,1,Table
127.0.0.1,eCommerce,dbo,Currency,CurrencyAlternateKey,char(10),N,2,Table
127.0.0.1,eCommerce,dbo,Currency,CurrencyName,varchar(50),N,3,Table
127.0.0.1,eCommerce,dbo,CurrencyHistory,CurrencyKey,int,N,1,Table
127.0.0.1,eCommerce,dbo,CurrencyHistory,IntraDayAverageRate,float,N,2,Table
127.0.0.1,eCommerce,dbo,CurrencyHistory,EndOfDayRate,float,N,3,Table
127.0.0.1,eCommerce,dbo,CurrencyHistory,OpenDate,date,Y,4,Table
127.0.0.1,eCommerce,dbo,CurrencyHistory,CloseDate,date,Y,5,Table
127.0.0.1,eCommerce,dbo,Customer,CustomerKey,int,N,1,Table
127.0.0.1,eCommerce,dbo,Customer,GeographyKey,int,Y,2,Table
127.0.0.1,eCommerce,dbo,Customer,CustomerAlternateKey,varchar(50),N,3,Table
127.0.0.1,eCommerce,dbo,Customer,Title,varchar(50),Y,4,Table
127.0.0.1,eCommerce,dbo,Customer,FirstName,varchar(50),Y,5,Table
127.0.0.1,eCommerce,dbo,Customer,MiddleName,varchar(50),Y,6,Table
127.0.0.1,eCommerce,dbo,Customer,LastName,varchar(50),Y,7,Table
127.0.0.1,eCommerce,dbo,Customer,NameStyle,bit,Y,8,Table
127.0.0.1,eCommerce,dbo,Customer,BirthDate,date,Y,9,Table
127.0.0.1,eCommerce,dbo,Customer,MaritalStatus,char(10),Y,10,Table
127.0.0.1,eCommerce,dbo,Customer,Suffix,varchar(50),Y,11,Table
127.0.0.1,eCommerce,dbo,Customer,Gender,varchar(50),Y,12,Table
127.0.0.1,eCommerce,dbo,Customer,EmailAddress,varchar(50),Y,13,Table
127.0.0.1,eCommerce,dbo,Customer,YearlyIncome,money,Y,14,Table
127.0.0.1,eCommerce,dbo,Customer,TotalChildren,tinyint,Y,15,Table
127.0.0.1,eCommerce,dbo,Customer,NumberChildrenAtHome,tinyint,Y,16,Table
127.0.0.1,eCommerce,dbo,Customer,EducationLevel,varchar(50),Y,17,Table
127.0.0.1,eCommerce,dbo,Customer,Occupation,varchar(100),Y,18,Table
127.0.0.1,eCommerce,dbo,Customer,HouseOwnerFlag,char(10),Y,19,Table
127.0.0.1,eCommerce,dbo,Customer,NumberCarsOwned,tinyint,Y,20,Table
127.0.0.1,eCommerce,dbo,Customer,AddressLine1,varchar(120),Y,21,Table
127.0.0.1,eCommerce,dbo,Customer,AddressLine2,varchar(120),Y,22,Table
127.0.0.1,eCommerce,dbo,Customer,Phone,varchar(50),Y,23,Table
127.0.0.1,eCommerce,dbo,Customer,DateFirstPurchase,date,Y,24,Table
127.0.0.1,eCommerce,dbo,Customer,CommuteDistance,varchar(50),Y,25,Table
127.0.0.1,eCommerce,dbo,GeoLocation,GeographyKey,int,N,1,Table
127.0.0.1,eCommerce,dbo,GeoLocation,City,varchar(50),Y,2,Table
127.0.0.1,eCommerce,dbo,GeoLocation,StateProvinceName,varchar(50),Y,4,Table
127.0.0.1,eCommerce,dbo,GeoLocation,CountryRegionName,varchar(50),Y,6,Table
127.0.0.1,eCommerce,dbo,GeoLocation,SalesTerritoryKey,int,Y,8,Table
127.0.0.1,eCommerce,dbo,GeoLocation,Latitude,float,Y,10,Table
127.0.0.1,eCommerce,dbo,GeoLocation,Longitude,float,Y,11,Table
127.0.0.1,eCommerce,dbo,OnlineSales,DateKey,int,Y,1,Table
127.0.0.1,eCommerce,dbo,OnlineSales,ProductKey,int,N,2,Table
127.0.0.1,eCommerce,dbo,OnlineSales,CustomerKey,int,N,3,Table
127.0.0.1,eCommerce,dbo,OnlineSales,PromotionKey,int,N,4,Table
127.0.0.1,eCommerce,dbo,OnlineSales,CurrencyKey,int,N,5,Table
127.0.0.1,eCommerce,dbo,OnlineSales,OrderDate,date,Y,6,Table
127.0.0.1,eCommerce,dbo,OnlineSales,DueDate,date,Y,7,Table
127.0.0.1,eCommerce,dbo,OnlineSales,ShipDate,date,Y,8,Table
127.0.0.1,eCommerce,dbo,OnlineSales,SaleTypeKey,int,Y,9,Table
127.0.0.1,eCommerce,dbo,OnlineSales,SalesOrderNumber,varchar(50),N,10,Table
127.0.0.1,eCommerce,dbo,OnlineSales,SalesOrderLineNumber,tinyint,N,11,Table
127.0.0.1,eCommerce,dbo,OnlineSales,RevisionNumber,tinyint,N,12,Table
127.0.0.1,eCommerce,dbo,OnlineSales,OrderQuantity,smallint,N,13,Table
127.0.0.1,eCommerce,dbo,OnlineSales,UnitPrice,money,N,14,Table
127.0.0.1,eCommerce,dbo,OnlineSales,UnitPriceDiscountPct,float,N,15,Table
127.0.0.1,eCommerce,dbo,OnlineSales,ProductStandardCost,money,N,16,Table
127.0.0.1,eCommerce,dbo,OnlineSales,TotalProductCost,money,N,17,Table
127.0.0.1,eCommerce,dbo,OnlineSales,SalesAmount,money,N,18,Table
127.0.0.1,eCommerce,dbo,OnlineSales,TaxAmt,money,N,19,Table
127.0.0.1,eCommerce,dbo,OnlineSales,Freight,money,N,20,Table
127.0.0.1,eCommerce,dbo,OnlineSales,ExtendedAmount,money,N,21,Table
127.0.0.1,eCommerce,dbo,OnlineSalesType,SaleTypeKey,int,N,1,Table
127.0.0.1,eCommerce,dbo,OnlineSalesType,SalesOrderLineNumber,tinyint,N,2,Table
127.0.0.1,eCommerce,dbo,OnlineSalesType,SalesOrderNumber,varchar(50),N,3,Table
127.0.0.1,eCommerce,dbo,Product,ProductKey,int,N,1,Table
127.0.0.1,eCommerce,dbo,Product,ProductSubcategoryKey,int,Y,2,Table
127.0.0.1,eCommerce,dbo,Product,ProductName,varchar(80),N,4,Table
127.0.0.1,eCommerce,dbo,Product,StandardCost,money,Y,5,Table
127.0.0.1,eCommerce,dbo,Product,FinishedGoodsFlag,bit,N,6,Table
127.0.0.1,eCommerce,dbo,Product,Color,varchar(50),N,7,Table
127.0.0.1,eCommerce,dbo,Product,SafetyStockLevel,smallint,Y,8,Table
127.0.0.1,eCommerce,dbo,Product,ReorderPoint,smallint,Y,9,Table
127.0.0.1,eCommerce,dbo,Product,ListPrice,money,Y,10,Table
127.0.0.1,eCommerce,dbo,Product,DaysToManufacture,int,Y,14,Table
127.0.0.1,eCommerce,dbo,Product,ProductLine,char(10),Y,15,Table
127.0.0.1,eCommerce,dbo,Product,DealerPrice,money,Y,16,Table
127.0.0.1,eCommerce,dbo,Product,Manufacturer,varchar(50),Y,19,Table
127.0.0.1,eCommerce,dbo,Product,Description,varchar(400),Y,20,Table
127.0.0.1,eCommerce,dbo,Product,Status,varchar(50),Y,21,Table
127.0.0.1,eCommerce,dbo,Product,SupplierId,int,Y,22,Table
127.0.0.1,eCommerce,dbo,ProductCategory,ProductCategoryKey,int,N,1,Table
127.0.0.1,eCommerce,dbo,ProductCategory,ProductCategoryName,varchar(50),N,3,Table
127.0.0.1,eCommerce,dbo,ProductInventory,ProductKey,int,N,1,Table
127.0.0.1,eCommerce,dbo,ProductInventory,CalendarKey,int,Y,2,Table
127.0.0.1,eCommerce,dbo,ProductInventory,MovementDate,date,N,3,Table
127.0.0.1,eCommerce,dbo,ProductInventory,UnitCost,money,N,4,Table
127.0.0.1,eCommerce,dbo,ProductInventory,UnitsIn,int,N,5,Table
127.0.0.1,eCommerce,dbo,ProductInventory,UnitsOut,int,N,6,Table
127.0.0.1,eCommerce,dbo,ProductInventory,UnitsBalance,int,N,7,Table
127.0.0.1,eCommerce,dbo,ProductSubcategory,ProductSubcategoryKey,int,N,1,Table
127.0.0.1,eCommerce,dbo,ProductSubcategory,ProductSubcategoryName,varchar(50),N,3,Table
127.0.0.1,eCommerce,dbo,ProductSubcategory,ProductCategoryKey,int,Y,4,Table
127.0.0.1,eCommerce,dbo,ProductSupplier,ProductKey,int,N,1,Table
127.0.0.1,eCommerce,dbo,ProductSupplier,SupplierKey,int,N,2,Table
127.0.0.1,eCommerce,dbo,ProductSupplier,AverageLeadTime,int,N,3,Table
127.0.0.1,eCommerce,dbo,ProductSupplier,StandardPrice,money,N,4,Table
127.0.0.1,eCommerce,dbo,ProductSupplier,LastReceiptCost,money,Y,5,Table
127.0.0.1,eCommerce,dbo,ProductSupplier,LastReceiptDate,datetime,Y,6,Table
127.0.0.1,eCommerce,dbo,ProductSupplier,MinOrderQty,int,N,7,Table
127.0.0.1,eCommerce,dbo,ProductSupplier,MaxOrderQty,int,N,8,Table
127.0.0.1,eCommerce,dbo,ProductSupplier,OnOrderQty,int,Y,9,Table
127.0.0.1,eCommerce,dbo,ProductSupplier,UnitMeasureCode,nchar(3),N,10,Table
127.0.0.1,eCommerce,dbo,SalesBudgets,DateKey,int,Y,2,Table
127.0.0.1,eCommerce,dbo,SalesBudgets,Year,int,Y,3,Table
127.0.0.1,eCommerce,dbo,SalesBudgets,Month,int,Y,4,Table
127.0.0.1,eCommerce,dbo,SalesBudgets,Targets,money,Y,5,Table
127.0.0.1,eCommerce,dbo,SaleType,SaleTypeKey,int,N,1,Table
127.0.0.1,eCommerce,dbo,SaleType,SaleTypeName,varchar(50),N,3,Table
127.0.0.1,eCommerce,dbo,SaleType,SaleTypeCategory,varchar(50),N,4,Table
127.0.0.1,eCommerce,dbo,Supplier,SupplierKey,int,N,1,Table
127.0.0.1,eCommerce,dbo,Supplier,AccountNumber,nvarchar(15),N,2,Table
127.0.0.1,eCommerce,dbo,Supplier,Name,nvarchar(50),N,3,Table
127.0.0.1,eCommerce,dbo,Supplier,CreditRating,tinyint,N,4,Table
127.0.0.1,eCommerce,dbo,Supplier,PreferredVendorStatus,bit,N,5,Table
127.0.0.1,eCommerce,dbo,Supplier,ActiveFlag,bit,N,6,Table
127.0.0.1,eCommerce,dbo,Supplier,PurchasingWebServiceURL,nvarchar(1024),Y,7,Table
127.0.0.1,eCommerce,dbo,sysdiagrams,name,nvarchar(128),N,1,Table
127.0.0.1,eCommerce,dbo,sysdiagrams,principal_id,int,N,2,Table
127.0.0.1,eCommerce,dbo,sysdiagrams,diagram_id,int,N,3,Table
127.0.0.1,eCommerce,dbo,sysdiagrams,version,int,Y,4,Table
127.0.0.1,eCommerce,dbo,sysdiagrams,definition,varbinary,Y,5,Table
127.0.0.1,GoogleAnalytics,dbo,SiteVisitsLog,sid_TxnId,int,N,1,Table
127.0.0.1,GoogleAnalytics,dbo,SiteVisitsLog,VisitDate,date,Y,2,Table
127.0.0.1,GoogleAnalytics,dbo,SiteVisitsLog,LandingPage,varchar(max),Y,3,Table
127.0.0.1,GoogleAnalytics,dbo,SiteVisitsLog,Country,varchar(80),Y,4,Table
127.0.0.1,GoogleAnalytics,dbo,SiteVisitsLog,City,varchar(80),Y,5,Table
127.0.0.1,GoogleAnalytics,dbo,SiteVisitsLog,Sessions,int,Y,6,Table
127.0.0.1,GoogleAnalytics,dbo,SiteVisitsLog,%NewSessions,float,Y,7,Table
127.0.0.1,GoogleAnalytics,dbo,SiteVisitsLog,NewUsers,int,Y,8,Table
127.0.0.1,GoogleAnalytics,dbo,SiteVisitsLog,Users,int,Y,9,Table
127.0.0.1,GoogleAnalytics,dbo,SiteVisitsLog,BounceRate,float,Y,10,Table
127.0.0.1,GoogleAnalytics,dbo,SiteVisitsLog,PagesSession,float,Y,11,Table
127.0.0.1,GoogleAnalytics,dbo,SiteVisitsLog,AvgSessionDuration,int,Y,12,Table
127.0.0.1,Northwind,dbo,Categories,CategoryID,int,N,1,Table
127.0.0.1,Northwind,dbo,Categories,CategoryName,nvarchar(15),N,2,Table
127.0.0.1,Northwind,dbo,Categories,Description,ntext,Y,3,Table
127.0.0.1,Northwind,dbo,Categories,Picture,image,Y,4,Table
127.0.0.1,Northwind,dbo,CustomerCustomerDemo,CustomerID,nchar(5),N,1,Table
127.0.0.1,Northwind,dbo,CustomerCustomerDemo,CustomerTypeID,nchar(10),N,2,Table
127.0.0.1,Northwind,dbo,CustomerDemographics,CustomerTypeID,nchar(10),N,1,Table
127.0.0.1,Northwind,dbo,CustomerDemographics,CustomerDesc,ntext,Y,2,Table
127.0.0.1,Northwind,dbo,Customers,CustomerID,nchar(5),N,1,Table
127.0.0.1,Northwind,dbo,Customers,CompanyName,nvarchar(40),N,2,Table
127.0.0.1,Northwind,dbo,Customers,ContactName,nvarchar(30),Y,3,Table
127.0.0.1,Northwind,dbo,Customers,ContactTitle,nvarchar(30),Y,4,Table
127.0.0.1,Northwind,dbo,Customers,Address,nvarchar(60),Y,5,Table
127.0.0.1,Northwind,dbo,Customers,City,nvarchar(15),Y,6,Table
127.0.0.1,Northwind,dbo,Customers,Region,nvarchar(15),Y,7,Table
127.0.0.1,Northwind,dbo,Customers,PostalCode,nvarchar(10),Y,8,Table
127.0.0.1,Northwind,dbo,Customers,Country,nvarchar(15),Y,9,Table
127.0.0.1,Northwind,dbo,Customers,Phone,nvarchar(24),Y,10,Table
127.0.0.1,Northwind,dbo,Customers,Fax,nvarchar(24),Y,11,Table
127.0.0.1,Northwind,dbo,Employees,EmployeeID,int,N,1,Table
127.0.0.1,Northwind,dbo,Employees,LastName,nvarchar(20),N,2,Table
127.0.0.1,Northwind,dbo,Employees,FirstName,nvarchar(10),N,3,Table
127.0.0.1,Northwind,dbo,Employees,Title,nvarchar(30),Y,4,Table
127.0.0.1,Northwind,dbo,Employees,TitleOfCourtesy,nvarchar(25),Y,5,Table
127.0.0.1,Northwind,dbo,Employees,BirthDate,datetime,Y,6,Table
127.0.0.1,Northwind,dbo,Employees,HireDate,datetime,Y,7,Table
127.0.0.1,Northwind,dbo,Employees,Address,nvarchar(60),Y,8,Table
127.0.0.1,Northwind,dbo,Employees,City,nvarchar(15),Y,9,Table
127.0.0.1,Northwind,dbo,Employees,Region,nvarchar(15),Y,10,Table
127.0.0.1,Northwind,dbo,Employees,PostalCode,nvarchar(10),Y,11,Table
127.0.0.1,Northwind,dbo,Employees,Country,nvarchar(15),Y,12,Table
127.0.0.1,Northwind,dbo,Employees,HomePhone,nvarchar(24),Y,13,Table
127.0.0.1,Northwind,dbo,Employees,Extension,nvarchar(4),Y,14,Table
127.0.0.1,Northwind,dbo,Employees,Photo,image,Y,15,Table
127.0.0.1,Northwind,dbo,Employees,Notes,ntext,Y,16,Table
127.0.0.1,Northwind,dbo,Employees,ReportsTo,int,Y,17,Table
127.0.0.1,Northwind,dbo,Employees,PhotoPath,nvarchar(255),Y,18,Table
127.0.0.1,Northwind,dbo,EmployeeTerritories,EmployeeID,int,N,1,Table
127.0.0.1,Northwind,dbo,EmployeeTerritories,TerritoryID,nvarchar(20),N,2,Table
127.0.0.1,Northwind,dbo,Order Details,OrderID,int,N,1,Table
127.0.0.1,Northwind,dbo,Order Details,ProductID,int,N,2,Table
127.0.0.1,Northwind,dbo,Order Details,UnitPrice,money,N,3,Table
127.0.0.1,Northwind,dbo,Order Details,Quantity,smallint,N,4,Table
127.0.0.1,Northwind,dbo,Order Details,Discount,real,N,5,Table
127.0.0.1,Northwind,dbo,Orders,OrderID,int,N,1,Table
127.0.0.1,Northwind,dbo,Orders,CustomerID,nchar(5),Y,2,Table
127.0.0.1,Northwind,dbo,Orders,EmployeeID,int,Y,3,Table
127.0.0.1,Northwind,dbo,Orders,OrderDate,datetime,Y,4,Table
127.0.0.1,Northwind,dbo,Orders,RequiredDate,datetime,Y,5,Table
127.0.0.1,Northwind,dbo,Orders,ShippedDate,datetime,Y,6,Table
127.0.0.1,Northwind,dbo,Orders,ShipVia,int,Y,7,Table
127.0.0.1,Northwind,dbo,Orders,Freight,money,Y,8,Table
127.0.0.1,Northwind,dbo,Orders,ShipName,nvarchar(40),Y,9,Table
127.0.0.1,Northwind,dbo,Orders,ShipAddress,nvarchar(60),Y,10,Table
127.0.0.1,Northwind,dbo,Orders,ShipCity,nvarchar(15),Y,11,Table
127.0.0.1,Northwind,dbo,Orders,ShipRegion,nvarchar(15),Y,12,Table
127.0.0.1,Northwind,dbo,Orders,ShipPostalCode,nvarchar(10),Y,13,Table
127.0.0.1,Northwind,dbo,Orders,ShipCountry,nvarchar(15),Y,14,Table
127.0.0.1,Northwind,dbo,Products,ProductID,int,N,1,Table
127.0.0.1,Northwind,dbo,Products,ProductName,nvarchar(40),N,2,Table
127.0.0.1,Northwind,dbo,Products,SupplierID,int,Y,3,Table
127.0.0.1,Northwind,dbo,Products,CategoryID,int,Y,4,Table
127.0.0.1,Northwind,dbo,Products,QuantityPerUnit,nvarchar(20),Y,5,Table
127.0.0.1,Northwind,dbo,Products,UnitPrice,money,Y,6,Table
127.0.0.1,Northwind,dbo,Products,UnitsInStock,smallint,Y,7,Table
127.0.0.1,Northwind,dbo,Products,UnitsOnOrder,smallint,Y,8,Table
127.0.0.1,Northwind,dbo,Products,ReorderLevel,smallint,Y,9,Table
127.0.0.1,Northwind,dbo,Products,Discontinued,bit,N,10,Table
127.0.0.1,Northwind,dbo,Region,RegionID,int,N,1,Table
127.0.0.1,Northwind,dbo,Region,RegionDescription,nchar(50),N,2,Table
127.0.0.1,Northwind,dbo,Shippers,ShipperID,int,N,1,Table
127.0.0.1,Northwind,dbo,Shippers,CompanyName,nvarchar(40),N,2,Table
127.0.0.1,Northwind,dbo,Shippers,Phone,nvarchar(24),Y,3,Table
127.0.0.1,Northwind,dbo,Suppliers,SupplierID,int,N,1,Table
127.0.0.1,Northwind,dbo,Suppliers,CompanyName,nvarchar(40),N,2,Table
127.0.0.1,Northwind,dbo,Suppliers,ContactName,nvarchar(30),Y,3,Table
127.0.0.1,Northwind,dbo,Suppliers,ContactTitle,nvarchar(30),Y,4,Table
127.0.0.1,Northwind,dbo,Suppliers,Address,nvarchar(60),Y,5,Table
127.0.0.1,Northwind,dbo,Suppliers,City,nvarchar(15),Y,6,Table
127.0.0.1,Northwind,dbo,Suppliers,Region,nvarchar(15),Y,7,Table
127.0.0.1,Northwind,dbo,Suppliers,PostalCode,nvarchar(10),Y,8,Table
127.0.0.1,Northwind,dbo,Suppliers,Country,nvarchar(15),Y,9,Table
127.0.0.1,Northwind,dbo,Suppliers,Phone,nvarchar(24),Y,10,Table
127.0.0.1,Northwind,dbo,Suppliers,Fax,nvarchar(24),Y,11,Table
127.0.0.1,Northwind,dbo,Suppliers,HomePage,ntext,Y,12,Table
127.0.0.1,Northwind,dbo,Territories,TerritoryID,nvarchar(20),N,1,Table
127.0.0.1,Northwind,dbo,Territories,TerritoryDescription,nchar(50),N,2,Table
127.0.0.1,Northwind,dbo,Territories,RegionID,int,N,3,Table
127.0.0.1,pubs,dbo,authors,au_id,varchar(11),N,1,Table
127.0.0.1,pubs,dbo,authors,au_lname,varchar(40),N,2,Table
127.0.0.1,pubs,dbo,authors,au_fname,varchar(20),N,3,Table
127.0.0.1,pubs,dbo,authors,phone,char(12),N,4,Table
127.0.0.1,pubs,dbo,authors,address,varchar(40),Y,5,Table
127.0.0.1,pubs,dbo,authors,city,varchar(20),Y,6,Table
127.0.0.1,pubs,dbo,authors,state,char(2),Y,7,Table
127.0.0.1,pubs,dbo,authors,zip,char(5),Y,8,Table
127.0.0.1,pubs,dbo,authors,contract,bit,N,9,Table
127.0.0.1,pubs,dbo,discounts,discounttype,varchar(40),N,1,Table
127.0.0.1,pubs,dbo,discounts,stor_id,char(4),Y,2,Table
127.0.0.1,pubs,dbo,discounts,lowqty,smallint,Y,3,Table
127.0.0.1,pubs,dbo,discounts,highqty,smallint,Y,4,Table
127.0.0.1,pubs,dbo,discounts,discount,"decimal(5, 2)",N,5,Table
127.0.0.1,pubs,dbo,employee,emp_id,char(9),N,1,Table
127.0.0.1,pubs,dbo,employee,fname,varchar(20),N,2,Table
127.0.0.1,pubs,dbo,employee,minit,char(1),Y,3,Table
127.0.0.1,pubs,dbo,employee,lname,varchar(30),N,4,Table
127.0.0.1,pubs,dbo,employee,job_id,smallint,N,5,Table
127.0.0.1,pubs,dbo,employee,job_lvl,tinyint,Y,6,Table
127.0.0.1,pubs,dbo,employee,pub_id,char(4),N,7,Table
127.0.0.1,pubs,dbo,employee,hire_date,datetime,N,8,Table
127.0.0.1,pubs,dbo,jobs,job_id,smallint,N,1,Table
127.0.0.1,pubs,dbo,jobs,job_desc,varchar(50),N,2,Table
127.0.0.1,pubs,dbo,jobs,min_lvl,tinyint,N,3,Table
127.0.0.1,pubs,dbo,jobs,max_lvl,tinyint,N,4,Table
127.0.0.1,pubs,dbo,pub_info,pub_id,char(4),N,1,Table
127.0.0.1,pubs,dbo,pub_info,logo,image,Y,2,Table
127.0.0.1,pubs,dbo,pub_info,pr_info,text,Y,3,Table
127.0.0.1,pubs,dbo,publishers,pub_id,char(4),N,1,Table
127.0.0.1,pubs,dbo,publishers,pub_name,varchar(40),Y,2,Table
127.0.0.1,pubs,dbo,publishers,city,varchar(20),Y,3,Table
127.0.0.1,pubs,dbo,publishers,state,char(2),Y,4,Table
127.0.0.1,pubs,dbo,publishers,country,varchar(30),Y,5,Table
127.0.0.1,pubs,dbo,roysched,title_id,varchar(6),N,1,Table
127.0.0.1,pubs,dbo,roysched,lorange,int,Y,2,Table
127.0.0.1,pubs,dbo,roysched,hirange,int,Y,3,Table
127.0.0.1,pubs,dbo,roysched,royalty,int,Y,4,Table
127.0.0.1,pubs,dbo,sales,stor_id,char(4),N,1,Table
127.0.0.1,pubs,dbo,sales,ord_num,varchar(20),N,2,Table
127.0.0.1,pubs,dbo,sales,ord_date,datetime,N,3,Table
127.0.0.1,pubs,dbo,sales,qty,smallint,N,4,Table
127.0.0.1,pubs,dbo,sales,payterms,varchar(12),N,5,Table
127.0.0.1,pubs,dbo,sales,title_id,varchar(6),N,6,Table
127.0.0.1,pubs,dbo,stores,stor_id,char(4),N,1,Table
127.0.0.1,pubs,dbo,stores,stor_name,varchar(40),Y,2,Table
127.0.0.1,pubs,dbo,stores,stor_address,varchar(40),Y,3,Table
127.0.0.1,pubs,dbo,stores,city,varchar(20),Y,4,Table
127.0.0.1,pubs,dbo,stores,state,char(2),Y,5,Table
127.0.0.1,pubs,dbo,stores,zip,char(5),Y,6,Table
127.0.0.1,pubs,dbo,titleauthor,au_id,varchar(11),N,1,Table
127.0.0.1,pubs,dbo,titleauthor,title_id,varchar(6),N,2,Table
127.0.0.1,pubs,dbo,titleauthor,au_ord,tinyint,Y,3,Table
127.0.0.1,pubs,dbo,titleauthor,royaltyper,int,Y,4,Table
127.0.0.1,pubs,dbo,titles,title_id,varchar(6),N,1,Table
127.0.0.1,pubs,dbo,titles,title,varchar(80),N,2,Table
127.0.0.1,pubs,dbo,titles,type,char(12),N,3,Table
127.0.0.1,pubs,dbo,titles,pub_id,char(4),Y,4,Table
127.0.0.1,pubs,dbo,titles,price,money,Y,5,Table
127.0.0.1,pubs,dbo,titles,advance,money,Y,6,Table
127.0.0.1,pubs,dbo,titles,royalty,int,Y,7,Table
127.0.0.1,pubs,dbo,titles,ytd_sales,int,Y,8,Table
127.0.0.1,pubs,dbo,titles,notes,varchar(200),Y,9,Table
127.0.0.1,pubs,dbo,titles,pubdate,datetime,N,10,Table
127.0.0.1,ReportServerTempDB,dbo,ChunkData,ChunkID,uniqueidentifier,N,1,Table
127.0.0.1,ReportServerTempDB,dbo,ChunkData,SnapshotDataID,uniqueidentifier,N,2,Table
127.0.0.1,ReportServerTempDB,dbo,ChunkData,ChunkFlags,tinyint,Y,3,Table
127.0.0.1,ReportServerTempDB,dbo,ChunkData,ChunkName,nvarchar(260),Y,4,Table
127.0.0.1,ReportServerTempDB,dbo,ChunkData,ChunkType,int,Y,5,Table
127.0.0.1,ReportServerTempDB,dbo,ChunkData,Version,smallint,Y,6,Table
127.0.0.1,ReportServerTempDB,dbo,ChunkData,MimeType,nvarchar(260),Y,7,Table
127.0.0.1,ReportServerTempDB,dbo,ChunkData,Content,image,Y,8,Table
127.0.0.1,ReportServerTempDB,dbo,ChunkSegmentMapping,ChunkId,uniqueidentifier,N,1,Table
127.0.0.1,ReportServerTempDB,dbo,ChunkSegmentMapping,SegmentId,uniqueidentifier,N,2,Table
127.0.0.1,ReportServerTempDB,dbo,ChunkSegmentMapping,StartByte,bigint,N,3,Table
127.0.0.1,ReportServerTempDB,dbo,ChunkSegmentMapping,LogicalByteCount,int,N,4,Table
127.0.0.1,ReportServerTempDB,dbo,ChunkSegmentMapping,ActualByteCount,int,N,5,Table
127.0.0.1,ReportServerTempDB,dbo,ContentCache,ContentCacheID,bigint,N,1,Table
127.0.0.1,ReportServerTempDB,dbo,ContentCache,CatalogItemID,uniqueidentifier,N,2,Table
127.0.0.1,ReportServerTempDB,dbo,ContentCache,CreatedDate,datetime,N,3,Table
127.0.0.1,ReportServerTempDB,dbo,ContentCache,ParamsHash,int,Y,4,Table
127.0.0.1,ReportServerTempDB,dbo,ContentCache,EffectiveParams,nvarchar(0),Y,5,Table
127.0.0.1,ReportServerTempDB,dbo,ContentCache,ContentType,nvarchar(256),Y,6,Table
127.0.0.1,ReportServerTempDB,dbo,ContentCache,ExpirationDate,datetime,N,7,Table
127.0.0.1,ReportServerTempDB,dbo,ContentCache,Version,smallint,Y,8,Table
127.0.0.1,ReportServerTempDB,dbo,ContentCache,Content,varbinary,Y,9,Table
127.0.0.1,ReportServerTempDB,dbo,DBUpgradeHistory,UpgradeID,bigint,N,1,Table
127.0.0.1,ReportServerTempDB,dbo,DBUpgradeHistory,DbVersion,nvarchar(25),Y,2,Table
127.0.0.1,ReportServerTempDB,dbo,DBUpgradeHistory,User,nvarchar(128),Y,3,Table
127.0.0.1,ReportServerTempDB,dbo,DBUpgradeHistory,DateTime,datetime,Y,4,Table
127.0.0.1,ReportServerTempDB,dbo,ExecutionCache,ExecutionCacheID,uniqueidentifier,N,1,Table
127.0.0.1,ReportServerTempDB,dbo,ExecutionCache,ReportID,uniqueidentifier,N,2,Table
127.0.0.1,ReportServerTempDB,dbo,ExecutionCache,ExpirationFlags,int,N,3,Table
127.0.0.1,ReportServerTempDB,dbo,ExecutionCache,AbsoluteExpiration,datetime,Y,4,Table
127.0.0.1,ReportServerTempDB,dbo,ExecutionCache,RelativeExpiration,int,Y,5,Table
127.0.0.1,ReportServerTempDB,dbo,ExecutionCache,SnapshotDataID,uniqueidentifier,N,6,Table
127.0.0.1,ReportServerTempDB,dbo,ExecutionCache,LastUsedTime,datetime,N,7,Table
127.0.0.1,ReportServerTempDB,dbo,ExecutionCache,ParamsHash,int,N,8,Table
127.0.0.1,ReportServerTempDB,dbo,PersistedStream,SessionID,varchar(32),N,1,Table
127.0.0.1,ReportServerTempDB,dbo,PersistedStream,Index,int,N,2,Table
127.0.0.1,ReportServerTempDB,dbo,PersistedStream,Content,image,Y,3,Table
127.0.0.1,ReportServerTempDB,dbo,PersistedStream,Name,nvarchar(260),Y,4,Table
127.0.0.1,ReportServerTempDB,dbo,PersistedStream,MimeType,nvarchar(260),Y,5,Table
127.0.0.1,ReportServerTempDB,dbo,PersistedStream,Extension,nvarchar(260),Y,6,Table
127.0.0.1,ReportServerTempDB,dbo,PersistedStream,Encoding,nvarchar(260),Y,7,Table
127.0.0.1,ReportServerTempDB,dbo,PersistedStream,Error,nvarchar(512),Y,8,Table
127.0.0.1,ReportServerTempDB,dbo,PersistedStream,RefCount,int,N,9,Table
127.0.0.1,ReportServerTempDB,dbo,PersistedStream,ExpirationDate,datetime,N,10,Table
127.0.0.1,ReportServerTempDB,dbo,Segment,SegmentId,uniqueidentifier,N,1,Table
127.0.0.1,ReportServerTempDB,dbo,Segment,Content,varbinary,Y,3,Table
127.0.0.1,ReportServerTempDB,dbo,SegmentedChunk,ChunkId,uniqueidentifier,N,1,Table
127.0.0.1,ReportServerTempDB,dbo,SegmentedChunk,SnapshotDataId,uniqueidentifier,N,2,Table
127.0.0.1,ReportServerTempDB,dbo,SegmentedChunk,ChunkFlags,tinyint,N,3,Table
127.0.0.1,ReportServerTempDB,dbo,SegmentedChunk,ChunkName,nvarchar(260),N,4,Table
127.0.0.1,ReportServerTempDB,dbo,SegmentedChunk,ChunkType,int,N,5,Table
127.0.0.1,ReportServerTempDB,dbo,SegmentedChunk,Version,smallint,N,6,Table
127.0.0.1,ReportServerTempDB,dbo,SegmentedChunk,MimeType,nvarchar(260),Y,7,Table
127.0.0.1,ReportServerTempDB,dbo,SegmentedChunk,Machine,nvarchar(512),N,8,Table
127.0.0.1,ReportServerTempDB,dbo,SegmentedChunk,SegmentedChunkId,bigint,N,9,Table
127.0.0.1,ReportServerTempDB,dbo,SessionData,SessionID,varchar(32),N,1,Table
127.0.0.1,ReportServerTempDB,dbo,SessionData,CompiledDefinition,uniqueidentifier,Y,2,Table
127.0.0.1,ReportServerTempDB,dbo,SessionData,SnapshotDataID,uniqueidentifier,Y,3,Table
127.0.0.1,ReportServerTempDB,dbo,SessionData,IsPermanentSnapshot,bit,Y,4,Table
127.0.0.1,ReportServerTempDB,dbo,SessionData,ReportPath,nvarchar(464),Y,5,Table
127.0.0.1,ReportServerTempDB,dbo,SessionData,Timeout,int,N,6,Table
127.0.0.1,ReportServerTempDB,dbo,SessionData,AutoRefreshSeconds,int,Y,7,Table
127.0.0.1,ReportServerTempDB,dbo,SessionData,Expiration,datetime,N,8,Table
127.0.0.1,ReportServerTempDB,dbo,SessionData,ShowHideInfo,image,Y,9,Table
127.0.0.1,ReportServerTempDB,dbo,SessionData,DataSourceInfo,image,Y,10,Table
127.0.0.1,ReportServerTempDB,dbo,SessionData,OwnerID,uniqueidentifier,N,11,Table
127.0.0.1,ReportServerTempDB,dbo,SessionData,EffectiveParams,ntext,Y,12,Table
127.0.0.1,ReportServerTempDB,dbo,SessionData,CreationTime,datetime,N,13,Table
127.0.0.1,ReportServerTempDB,dbo,SessionData,HasInteractivity,bit,Y,14,Table
127.0.0.1,ReportServerTempDB,dbo,SessionData,SnapshotExpirationDate,datetime,Y,15,Table
127.0.0.1,ReportServerTempDB,dbo,SessionData,HistoryDate,datetime,Y,16,Table
127.0.0.1,ReportServerTempDB,dbo,SessionData,PageHeight,float,Y,17,Table
127.0.0.1,ReportServerTempDB,dbo,SessionData,PageWidth,float,Y,18,Table
127.0.0.1,ReportServerTempDB,dbo,SessionData,TopMargin,float,Y,19,Table
127.0.0.1,ReportServerTempDB,dbo,SessionData,BottomMargin,float,Y,20,Table
127.0.0.1,ReportServerTempDB,dbo,SessionData,LeftMargin,float,Y,21,Table
127.0.0.1,ReportServerTempDB,dbo,SessionData,RightMargin,float,Y,22,Table
127.0.0.1,ReportServerTempDB,dbo,SessionData,AwaitingFirstExecution,bit,Y,24,Table
127.0.0.1,ReportServerTempDB,dbo,SessionData,EditSessionID,varchar(32),Y,25,Table
127.0.0.1,ReportServerTempDB,dbo,SessionData,DataSetInfo,varbinary,Y,26,Table
127.0.0.1,ReportServerTempDB,dbo,SessionData,SitePath,nvarchar(440),Y,27,Table
127.0.0.1,ReportServerTempDB,dbo,SessionData,SiteZone,int,N,28,Table
127.0.0.1,ReportServerTempDB,dbo,SessionData,ReportDefinitionPath,nvarchar(464),Y,29,Table
127.0.0.1,ReportServerTempDB,dbo,SessionLock,SessionID,varchar(32),N,1,Table
127.0.0.1,ReportServerTempDB,dbo,SessionLock,LockVersion,int,N,2,Table
127.0.0.1,ReportServerTempDB,dbo,SnapshotData,SnapshotDataID,uniqueidentifier,N,1,Table
127.0.0.1,ReportServerTempDB,dbo,SnapshotData,CreatedDate,datetime,N,2,Table
127.0.0.1,ReportServerTempDB,dbo,SnapshotData,ParamsHash,int,Y,3,Table
127.0.0.1,ReportServerTempDB,dbo,SnapshotData,QueryParams,ntext,Y,4,Table
127.0.0.1,ReportServerTempDB,dbo,SnapshotData,EffectiveParams,ntext,Y,5,Table
127.0.0.1,ReportServerTempDB,dbo,SnapshotData,Description,nvarchar(512),Y,6,Table
127.0.0.1,ReportServerTempDB,dbo,SnapshotData,DependsOnUser,bit,Y,7,Table
127.0.0.1,ReportServerTempDB,dbo,SnapshotData,PermanentRefcount,int,N,8,Table
127.0.0.1,ReportServerTempDB,dbo,SnapshotData,TransientRefcount,int,N,9,Table
127.0.0.1,ReportServerTempDB,dbo,SnapshotData,ExpirationDate,datetime,N,10,Table
127.0.0.1,ReportServerTempDB,dbo,SnapshotData,PageCount,int,Y,11,Table
127.0.0.1,ReportServerTempDB,dbo,SnapshotData,HasDocMap,bit,Y,12,Table
127.0.0.1,ReportServerTempDB,dbo,SnapshotData,Machine,nvarchar(512),N,13,Table
127.0.0.1,ReportServerTempDB,dbo,SnapshotData,PaginationMode,smallint,Y,14,Table
127.0.0.1,ReportServerTempDB,dbo,SnapshotData,ProcessingFlags,int,Y,15,Table
127.0.0.1,ReportServerTempDB,dbo,SnapshotData,IsCached,bit,Y,16,Table
127.0.0.1,ReportServerTempDB,dbo,TempCatalog,EditSessionID,varchar(32),N,1,Table
127.0.0.1,ReportServerTempDB,dbo,TempCatalog,TempCatalogID,uniqueidentifier,N,2,Table
127.0.0.1,ReportServerTempDB,dbo,TempCatalog,ContextPath,nvarchar(425),N,3,Table
127.0.0.1,ReportServerTempDB,dbo,TempCatalog,Name,nvarchar(425),N,4,Table
127.0.0.1,ReportServerTempDB,dbo,TempCatalog,Content,varbinary,Y,5,Table
127.0.0.1,ReportServerTempDB,dbo,TempCatalog,Description,nvarchar(0),Y,6,Table
127.0.0.1,ReportServerTempDB,dbo,TempCatalog,Intermediate,uniqueidentifier,Y,7,Table
127.0.0.1,ReportServerTempDB,dbo,TempCatalog,IntermediateIsPermanent,bit,N,8,Table
127.0.0.1,ReportServerTempDB,dbo,TempCatalog,Property,nvarchar(0),Y,9,Table
127.0.0.1,ReportServerTempDB,dbo,TempCatalog,Parameter,nvarchar(0),Y,10,Table
127.0.0.1,ReportServerTempDB,dbo,TempCatalog,OwnerID,uniqueidentifier,N,11,Table
127.0.0.1,ReportServerTempDB,dbo,TempCatalog,CreationTime,datetime,N,12,Table
127.0.0.1,ReportServerTempDB,dbo,TempCatalog,ExpirationTime,datetime,N,13,Table
127.0.0.1,ReportServerTempDB,dbo,TempCatalog,DataCacheHash,varbinary,Y,14,Table
127.0.0.1,ReportServerTempDB,dbo,TempDataSets,ID,uniqueidentifier,N,1,Table
127.0.0.1,ReportServerTempDB,dbo,TempDataSets,ItemID,uniqueidentifier,N,2,Table
127.0.0.1,ReportServerTempDB,dbo,TempDataSets,LinkID,uniqueidentifier,Y,3,Table
127.0.0.1,ReportServerTempDB,dbo,TempDataSets,Name,nvarchar(260),N,4,Table
127.0.0.1,ReportServerTempDB,dbo,TempDataSources,DSID,uniqueidentifier,N,1,Table
127.0.0.1,ReportServerTempDB,dbo,TempDataSources,ItemID,uniqueidentifier,N,2,Table
127.0.0.1,ReportServerTempDB,dbo,TempDataSources,Name,nvarchar(260),Y,3,Table
127.0.0.1,ReportServerTempDB,dbo,TempDataSources,Extension,nvarchar(260),Y,4,Table
127.0.0.1,ReportServerTempDB,dbo,TempDataSources,Link,uniqueidentifier,Y,5,Table
127.0.0.1,ReportServerTempDB,dbo,TempDataSources,CredentialRetrieval,int,Y,6,Table
127.0.0.1,ReportServerTempDB,dbo,TempDataSources,Prompt,ntext,Y,7,Table
127.0.0.1,ReportServerTempDB,dbo,TempDataSources,ConnectionString,image,Y,8,Table
127.0.0.1,ReportServerTempDB,dbo,TempDataSources,OriginalConnectionString,image,Y,9,Table
127.0.0.1,ReportServerTempDB,dbo,TempDataSources,OriginalConnectStringExpressionBased,bit,Y,10,Table
127.0.0.1,ReportServerTempDB,dbo,TempDataSources,UserName,image,Y,11,Table
127.0.0.1,ReportServerTempDB,dbo,TempDataSources,Password,image,Y,12,Table
127.0.0.1,ReportServerTempDB,dbo,TempDataSources,Flags,int,Y,13,Table
127.0.0.1,ReportServerTempDB,dbo,TempDataSources,Version,int,N,14,Table
